gvkey,Restate_Int
1004,0.032214403351245584
1045,0.7593260282510605
1050,0.008694325709771142
1072,0.02187108549844272
1075,0.007869948952195008
1078,0.007420722599647135
1094,0.016170205156960868
1104,0.00931352353388469
1117,0.009954221112191896
1121,0.007888426409004013
1161,0.07555489021229614
1173,0.01590336258509144
1209,0.007652225344800175
1210,0.01330046355943447
1224,0.1034460473266954
1225,0.10432327070948424
1230,0.008682109155293117
1234,0.008823026490507391
1254,0.008280451903157867
1266,0.009464350708912212
1327,0.05705779229271495
1356,0.00872003557205437
1380,0.008056402234748268
1382,0.09638748121271967
1388,0.07355520932487904
1397,0.008561153853212876
1408,0.008823026490507391
1410,0.009460697181332373
1429,0.16212145081620813
1439,0.008517865687151203
1440,0.007881061662612262
1468,0.019520013483646407
1496,0.02633106418175603
1533,0.008687256136635247
1554,0.5544419485044212
1559,0.011203980561454857
1562,0.017477538295723415
1585,0.007910593558669497
1598,0.00861293030395567
1602,0.019617459305357948
1613,0.009286715389095684
1632,0.008993238984980839
1633,0.008203805969716508
1634,0.01958817480869963
1635,0.014553180378983557
1650,0.017609901510445367
1659,0.009400174534517674
1678,0.007994469251082964
1682,0.007991214881221054
1686,0.9377580307030428
1689,0.3040321752688932
1690,0.07837331024936414
1704,0.011353696608959279
1706,0.008303202057406539
1712,0.00788725148760729
1722,0.09587954515563231
1728,0.009611590328488542
1743,0.014571927422552328
1745,0.30351483337209967
1773,0.00875960387822444
1783,0.009889440512914162
1794,0.009059886076889796
1820,0.017691861160906753
1823,0.00794216726557664
1837,0.007952890900799654
1860,0.007712705734302126
1864,0.02354026526296648
1891,0.0919322854078495
1913,0.007957585825984475
1919,0.008493198718169129
1920,0.007413370428687234
1926,0.9397689745051468
1951,0.009717065023592358
1968,0.01011183274886648
1974,0.009132414713143062
1976,0.007624229447296114
1979,0.008831294495169369
1988,0.008070735984108424
1995,0.2663709142864355
2044,0.008413812783095082
2049,0.008982147711160435
2061,0.008478397371077067
2073,0.017075345791591107
2080,0.009845270017390287
2086,0.011887153499644993
2100,0.03539003442839227
2101,0.010272928467443123
2111,0.06509313075110201
2124,0.010091245382202567
2136,0.011430913112370638
2150,0.010222433632973987
2154,0.008541463132308608
2184,0.944556058976802
2220,0.16971875081716475
2222,0.010225540047955502
2230,0.02127790899741834
2240,0.014777217195106362
2259,0.009885005049256945
2269,0.020385690197964126
2271,0.010233964011892402
2282,0.020205692488722993
2285,0.0097110382837401
2290,0.06056799253512038
2295,0.011199002206022896
2312,0.027618251985513657
2316,0.021512174165916276
2342,0.011218882722156268
2352,0.007994651226221382
2390,0.008302095464822593
2403,0.007782899066972121
2435,0.032785303855273576
2436,0.024554973930378334
2444,0.07604764638087695
2448,0.007182187060323521
2490,0.013831489718624723
2497,0.01721223668277156
2504,0.044299749239252464
2536,0.7281714101905096
2538,0.016987899682799953
2555,0.021115780091047788
2556,0.013277857751125223
2573,0.008086414590282837
2574,0.008824270445675055
2577,0.007920707895227764
2578,0.045742345793710816
2581,0.00762474072592711
2593,0.008130640707314968
2595,0.008042142608740106
2596,0.007303054618679059
2615,0.019874483334453692
2628,0.009678172778911356
2663,0.009638597058084963
2710,0.021751393775981634
2751,0.022489040901942703
2771,0.009092318649602448
2787,0.012952105426297064
2802,0.018518534672408403
2807,0.01682388615808883
2811,0.009577867251906218
2812,0.03807088111960963
2817,0.008194136836331778
2818,0.022957724124961477
2820,0.03764908471427156
2829,0.007890230389832675
2859,0.008376084533271145
2870,0.007789265489734072
2884,0.008802179993510989
2888,0.008816700944243652
2911,0.01590116997005442
2938,0.0234267875960446
2940,0.008796532464491764
2942,0.009045640736016715
2953,0.010860650027810498
2960,0.010371607485272091
2986,0.007821435928413506
2991,0.008236156120670544
2999,0.007938941927087717
3007,0.008332635585390944
3026,0.007591450452300067
3028,0.008463849342104826
3031,0.0086585073839117
3036,0.014849412364406987
3039,0.0074039534516506115
3062,0.039598968283466915
3093,0.008649254017244291
3105,0.014277913220758545
3107,0.008310502722132117
3121,0.008409311745146385
3129,0.009740948643198315
3138,0.008624443741663428
3144,0.007981547267004178
3153,0.008900342551268271
3157,0.0129990131601691
3158,0.008211806363527226
3170,0.007513566291465247
3184,0.04598306782238426
3198,0.06068573295521553
3203,0.00860186301089952
3218,0.01687063021004695
3226,0.008583057277718811
3246,0.008653453528048726
3270,0.007416316149208535
3275,0.008747465792830941
3278,0.031150425612090103
3310,0.019698855177498677
3336,0.020081383485864576
3342,0.007672507673154253
3358,0.008342901392458408
3362,0.050977700160292946
3369,0.021888983791916724
3392,0.04678759459293762
3394,0.00984201947952769
3399,0.053758809993298864
3416,0.00797870525885536
3424,0.060196254026142024
3439,0.008732532379740005
3465,0.008707898548206755
3469,0.008074796597346516
3502,0.008129242774507557
3504,0.00915324615399466
3505,0.008079008336999744
3532,0.013319150567767352
3556,0.012595996235345127
3570,0.0105337484644466
3580,0.00849859857674152
3594,0.00824090825148676
3607,0.01371188913467253
3612,0.008504388050570532
3619,0.021045656734608797
3622,0.03364725539255193
3639,0.02482272704358096
3647,0.04423471116020617
3650,0.00888630556453935
3662,0.011476728095292944
3708,0.01822703920795696
3734,0.030519038006868976
3735,0.009818695906547506
3761,0.010645458572661656
3785,0.05419945814753031
3801,0.03643573519008052
3806,0.010022287975137985
3807,0.00917113549833692
3813,0.007522224788492926
3814,0.0079782098160486
3851,0.18776051195534532
3855,0.007999203079156192
3863,0.008954985098311878
3897,0.009471150190165726
3905,0.010092571379942867
3908,0.01415104128142
3937,0.03391400834952415
3946,0.012933263701163869
3962,0.009380259534886528
3964,0.018494948666316558
3969,0.008380719774099937
3980,0.011562577901289756
4001,0.015346419561449933
4016,0.0312233787555599
4029,0.008157376403052346
4036,0.009474466560196237
4040,0.008997723475288452
4052,0.008963201500107352
4058,0.009327651830909053
4060,0.008652288191417714
4066,0.009148847415622084
4087,0.007684081049049462
4090,0.02268745135287898
4091,0.008127057476356484
4093,0.009170391275302194
4094,0.015183989319437154
4108,0.008090681581201204
4124,0.018610258669060638
4127,0.009019904110114404
4128,0.008022798244949336
4130,0.018589560055410143
4145,0.008102106984868707
4156,0.025262254477188897
4186,0.007890048917043075
4213,0.008089442525093806
4225,0.023018976922015703
4241,0.016647247505741914
4274,0.023669665549311696
4275,0.00939788193507949
4321,0.01746022107414344
4322,0.019048451520992774
4331,0.010574912475063624
4340,0.07582003394005181
4383,0.008415939940937683
4390,0.020263401506870275
4415,0.031270603186701676
4418,0.01372618906253167
4423,0.008011264431555785
4430,0.008159297105645022
4448,0.008820038470099349
4450,0.010898295401285287
4460,0.00893747738391291
4462,0.009155912954595105
4467,0.04335401576717775
4476,0.06209380855757322
4494,0.010817612160329051
4497,0.008862572041963383
4498,0.010505894983953238
4503,0.00935316406343348
4510,0.008245146199317934
4517,0.009661366587642332
4560,0.010106865036529987
4579,0.009717803021405715
4598,0.06951420221517579
4600,0.012437391146116939
4608,0.017702103489953224
4611,0.03223889266958539
4622,0.010014971231568952
4632,0.03810141206879589
4645,0.008791914474812597
4759,0.008260902774674034
4771,0.008559988547817546
4799,0.08645793004474177
4807,0.018830990886003283
4809,0.00828787406747415
4818,0.008521792276158673
4826,0.034058433210989204
4843,0.786017103772742
4844,0.010188967208792522
4860,0.008216949634368765
4881,0.008748404191772587
4900,0.06509475645489786
4903,0.03362163702898946
4911,0.019942082917180318
4926,0.00922109462611118
4936,0.03497780485328125
4988,0.008105273298053457
4990,0.017980545022818532
5018,0.032132636892484745
5045,0.03601601738598589
5050,0.03565211027035581
5071,0.01883869767712783
5087,0.008033029675760079
5116,0.008345771538592783
5125,0.008115830116719881
5165,0.02338630564978196
5179,0.01080542853241356
5210,0.06775802107632461
5218,0.012761907162792656
5229,0.00924017854113123
5234,0.04569277895716119
5237,0.008210304476499859
5250,0.04592598377573027
5252,0.012846481861453173
5254,0.023531709407230133
5256,0.008177159905235034
5284,0.08201149947291879
5288,0.01632214298084731
5327,0.04536320377912624
5338,0.009130233365289292
5379,0.010193188103838536
5439,0.018934770539860764
5442,0.009336673976427696
5479,0.03170382891566087
5492,0.010872435982816384
5496,0.008618791871211742
5518,0.00971470414987797
5520,0.010959463979081704
5523,0.00801892388585405
5525,0.1461483490148398
5530,0.04158816856796013
5539,0.010851150143873053
5559,0.00817578215098928
5560,0.009666300098222802
5568,0.0671008051953034
5572,0.03661195430211288
5581,0.01821710934114849
5597,0.009561210072321013
5606,0.35071794968109904
5608,0.03261190911971691
5621,0.017512770277033008
5639,0.016836645992313222
5667,0.009207154057735013
5671,0.00858170452614031
5680,0.014140954479859308
5690,0.028198549346884382
5697,0.009779770357646697
5709,0.02337652227518536
5723,0.009781471605777206
5742,0.03452437608134477
5764,0.00977180016980952
5783,0.008004340237307176
5788,0.009857627430200713
5791,0.009678849531370902
5792,0.009103249887360347
5811,0.023546389865845008
5831,0.008878153285606451
5860,0.009694826613358085
5862,0.008216726723476564
5870,0.008291053314918953
5878,0.2062095204066939
5888,0.055519669669349195
5899,0.00786353553296445
5902,0.025144355799458677
5914,0.1489839028397542
5918,0.01935565659267137
5932,0.01986214879911115
5978,0.009549654291336022
5987,0.01061775250609662
6003,0.024286123515032426
6008,0.0088845201238889
6013,0.008442211870507343
6021,0.030096265362610366
6025,0.009892263295898972
6034,0.007698969850009815
6066,0.008851613936278506
6078,0.008004944008337726
6081,0.03487514789458417
6097,0.01934270923759008
6104,0.008850583397859558
6109,0.01602022489465093
6110,0.008866956379376956
6115,0.008304432238386296
6116,0.009648416049025664
6125,0.03386654818161626
6130,0.008507448587627382
6136,0.02743146258280042
6178,0.06151079182330519
6185,0.027262279525476607
6194,0.01047743424904236
6196,0.00801396626346385
6216,0.012552303108490953
6223,0.022028687792520485
6266,0.008889637583347007
6268,0.00974251182215597
6304,0.013490048725358273
6307,0.007890703409222682
6311,0.02022386319481268
6315,0.025849882240535933
6326,0.009764229801635937
6331,0.009706743021303393
6334,0.008796299105653462
6335,0.00898979608290296
6338,0.007894499375191422
6349,0.026195696233756265
6357,0.00938568632961191
6375,0.009059027337628417
6379,0.008725052471927171
6386,0.009054546867418084
6410,0.03801302968660208
6416,0.008477630295979921
6424,0.02925993980147618
6433,0.010596214104854564
6435,0.01040608614560627
6461,0.0090910308685924
6497,0.018997412685924798
6502,0.03214314673103137
6527,0.010664400994799855
6528,0.009196519989034514
6529,0.10817186861895539
6532,0.02486895423009839
6543,0.040115763274606454
6547,0.008337541564629247
6565,0.00937164249450048
6573,0.009157259613888871
6574,0.01015661739381724
6617,0.008265240328464356
6639,0.009427460385365695
6649,0.017806254054301605
6682,0.01023410977061413
6694,0.03522079797505102
6730,0.010469100260150698
6733,0.008016728227302192
6737,0.008146285630255878
6768,0.07263553245508252
6774,0.008449260744192215
6821,0.009756472828590646
6831,0.028231640821608745
6836,0.008183463207594078
6839,0.01008186030691544
6845,0.010548793367270668
6848,0.01630018953921773
6900,0.012587503366421556
6932,0.011533209389221859
6936,0.031227937714107583
6994,0.01266379721759117
6995,0.011036203140424854
7017,0.008774026539606433
7022,0.03176498589800132
7085,0.060194421765739255
7092,0.025909847845005256
7107,0.021956165157695592
7124,0.008937986579100264
7146,0.008206581761719647
7152,0.010941304959111664
7154,0.008861168496635596
7163,0.010121786752194195
7171,0.05383688670578929
7183,0.04794755279157479
7185,0.007945740057702409
7186,0.008544812654291637
7192,0.03206375653569513
7205,0.9632324401872547
7232,0.008350217970177211
7241,0.009978112623226452
7251,0.04980135281928218
7257,0.023086380055111655
7260,0.010277447071802415
7275,0.028846053026128717
7281,0.01670485371116819
7291,0.0349776078824896
7295,0.010109168447966017
7300,0.009065943247283312
7302,0.0111148976338511
7309,0.02890306011357069
7316,0.03095399014781255
7331,0.01453850269719831
7343,0.021893110218934277
7344,0.09980204932711363
7346,0.016150124283449366
7350,0.027437897601098427
7368,0.00859252588847981
7389,0.03121567603415982
7401,0.030631088819939242
7420,0.012602648598979154
7422,0.027907545197938532
7435,0.010280401349279784
7437,0.007940037435710125
7481,0.008037520396738908
7486,0.035689660065854424
7506,0.04182290271879568
7512,0.015737965415741236
7526,0.02060994850305789
7549,0.010648245392654968
7566,0.040357282772999784
7575,0.03614139955234399
7576,0.040489995964450104
7585,0.023143856257536736
7589,0.023443370078141113
7590,0.023443370078141113
7620,0.009870217094351786
7636,0.02156113331286868
7648,0.04881617725961173
7658,0.03335274980344273
7662,0.03652697550585781
7682,0.010712780111087648
7685,0.010061665874492252
7691,0.013731141728560988
7694,0.09833869188085632
7696,0.06636078392088765
7733,0.01894058338547335
7741,0.015410649935147772
7750,0.03449117903356044
7759,0.009954631966553263
7762,0.008646044595482476
7781,0.0232906026773338
7799,0.00956871858518088
7824,0.007956756855474976
7841,0.038197661962199404
7849,0.010781439931198995
7863,0.03601839822541921
7866,0.008389130389854638
7875,0.00939298577516236
7881,0.059297739584253564
7882,0.02020212304685858
7883,0.009061232563959652
7906,0.04814833339910177
7911,0.009575067634525923
7912,0.009015702116434085
7920,0.03513198857228718
7921,0.013965408626088168
7922,0.036166508272547866
7923,0.009357770425840961
7938,0.008016302707540546
7951,0.04548039328043659
7965,0.01944537480148856
7974,0.016991254021819096
7977,0.00798651822693693
7978,0.016956393197773156
7985,0.007937720513616338
7991,0.03397365567935682
7993,0.007775387897626877
7994,0.029469062218537158
7995,0.02773410116034095
8001,0.030104559885846188
8030,0.04231785059071986
8054,0.05095623050177347
8068,0.009485064726125945
8073,0.01678487093125698
8079,0.007969522981222003
8087,0.03251657286760829
8092,0.03251657286760829
8101,0.02337368340873339
8102,0.02370404971371344
8105,0.013395089395315852
8113,0.009179287601521252
8123,0.023797148194743892
8133,0.008381015615249628
8176,0.08784190585201722
8199,0.013918725924388422
8210,0.02482317196074656
8213,0.00940182839112103
8214,0.00990618858516017
8215,0.008469308836506016
8219,0.032769074202519885
8229,0.009315902322382344
8247,0.012419303424665745
8264,0.009391999841474454
8266,0.032826485715422245
8272,0.00935952753168458
8290,0.014552745420086631
8304,0.008660314685902674
8326,0.015561531019179118
8333,0.01987112690025037
8334,0.009727253497906862
8336,0.016212970905292452
8348,0.024207935970478385
8350,0.00982401025456667
8357,0.011181974834244107
8358,0.0138457287005237
8386,0.03460636718517753
8387,0.010041774841673576
8402,0.04902386992774435
8423,0.045645804539283574
8440,0.008102943453989484
8446,0.07123757252449346
8455,0.009886779864709514
8475,0.022287388305020816
8479,0.009783505529986046
8486,0.016493495615645976
8512,0.016358602948533092
8515,0.008214884895620368
8530,0.017460165686063827
8539,0.008400921127743459
8542,0.018167729463509412
8543,0.017820817941136283
8549,0.00953665211574106
8551,0.045106564958807015
8577,0.008100633669388941
8579,0.9688447820032386
8582,0.9677701750847059
8599,0.051632754362582085
8606,0.009612944613542198
8613,0.009192370505145545
8633,0.023634405986444493
8692,0.008909447337134505
8694,0.01836491792583173
8699,0.008572610202355595
8717,0.024681456122935534
8762,0.03496902091485539
8809,0.009401446431220014
8810,0.009110208325143993
8815,0.009401446431220014
8818,0.009399648828391428
8826,0.007900868128436465
8832,0.5333480694941012
8838,0.009507490135057214
8850,0.009084183665158169
8858,0.0237516849303235
8864,0.008012208315002033
8867,0.04442848691882452
8873,0.0090778911606439
8892,0.00829132405219189
8901,0.008229884060507927
8902,0.04227001489432391
8947,0.016056565395358793
8958,0.031758085185845414
8972,0.11262292503251681
9016,0.010484895290374663
9023,0.008860220007713873
9063,0.010198288940779522
9125,0.04675922696229313
9154,0.042603068025903766
9155,0.9484056768814642
9171,0.007913943824005938
9173,0.008959944579578426
9203,0.01991134472862385
9216,0.00804964017529143
9225,0.007776823786715828
9248,0.015375102282613734
9258,0.007929352103132501
9284,0.007938531692994494
9289,0.009114708446943042
9299,0.009172156045325685
9324,0.007901896803974422
9325,0.010537206937078804
9359,0.008891807275181835
9411,0.008804697141230302
9445,0.009664420901449347
9466,0.04221403878894752
9472,0.0081165215571844
9481,0.0525654942983525
9490,0.012138485744549172
9521,0.032243447238348356
9538,0.009494709598890826
9551,0.05076249810160874
9555,0.007916546055972308
9590,0.008304833334940412
9599,0.013609466143273888
9611,0.007996958675204068
9613,0.015312782385584223
9619,0.01088158357204126
9664,0.009810773764954431
9667,0.007860496159967265
9693,0.016428065184274955
9698,0.008439290668195047
9699,0.008991379869417237
9715,0.011311420308528282
9761,0.023868471099856677
9771,0.007853218173373398
9774,0.019772132653919805
9777,0.048060447539504496
9778,0.009065159212632465
9799,0.022940100879413027
9815,0.010873507510882756
9831,0.012673484845461208
9835,0.019687732631327802
9846,0.009183629128299757
9849,0.007639470268988922
9860,0.009412446045879597
9867,0.007975513482208233
9882,0.009242874707200416
9899,0.0087921763449342
9902,0.009414551278218181
9904,0.0079888913245058
9906,0.01399501521673787
9916,0.009674245764318232
9919,0.00927822219340483
9921,0.008245343494721263
9922,0.012349280786031069
9954,0.03546353391362013
9969,0.02467304889872781
9999,0.8221238817208044
10000,0.009470962837974273
10005,0.010124227327679515
10008,0.009510567410690129
10016,0.009436487363566034
10030,0.042783650766507905
10056,0.009021105696683799
10115,0.008895523304539908
10124,0.008257874038618941
10156,0.009254809514024288
10190,0.020083644335015933
10195,0.009455404636321123
10198,0.007942027797330905
10200,0.03826560309202012
10213,0.017249788561780534
10215,0.03268020890418806
10221,0.009658889988168384
10236,0.009168394172720548
10247,0.08852179976844342
10277,0.009612468892152845
10286,0.01036409841745084
10297,0.03586707574915104
10305,0.03839687577198612
10332,0.008574799291899455
10349,0.014095363148244448
10353,0.024584783074283207
10364,0.02065960508993069
10374,0.04761357765530105
10380,0.008913704822051734
10386,0.009436163233157189
10390,0.007947334436135791
10405,0.01623761414682983
10407,0.010345084483917126
10411,0.012421039330238012
10420,0.01016617226397158
10441,0.007910782121829775
10443,0.07259912727120238
10447,0.015821844897569024
10453,0.008898778411732793
10466,0.034728636052303835
10498,0.014712689257663935
10499,0.0226844413662481
10507,0.011742213917675449
10508,0.011742213917675449
10509,0.03381516430339935
10530,0.009270399589124465
10540,0.010260035989532705
10549,0.008203844373961273
10550,0.010649381277044196
10565,0.025302364420320075
10567,0.00970352158005328
10581,0.01796620184263879
10598,0.008530545580539537
10609,0.009810606984554276
10618,0.00975724978002499
10619,0.05588529433430497
10631,0.010132921425792066
10639,0.03531381219933283
10658,0.0576116606667989
10678,0.01940829072853414
10685,0.053285523539989756
10692,0.019558329056799256
10734,0.011629121006420612
10740,0.008644755751826659
10757,0.015068542229539555
10777,0.009736338408407553
10789,0.008227541793362832
10791,0.02970512598718924
10793,0.015128310969095279
10795,0.06529022321057086
10801,0.020213298329658038
10813,0.009654344710268374
10816,0.037613223948145716
10839,0.010272400163079136
10840,0.010130381127857841
10857,0.012014102887499432
10860,0.009491906352579882
10867,0.008165351089856325
10877,0.008590731490630162
10884,0.01114984714510878
10902,0.00915294788318872
10905,0.031818070422619325
10920,0.008831463874313966
10930,0.016198326840511396
10938,0.008112802452431237
10981,0.009522316434597607
10982,0.071424264742038
10983,0.014711721459520804
10984,0.4674131310247544
10991,0.009570693716407154
10994,0.012631507134498355
10999,0.009257319818755987
11012,0.014025085492588464
11017,0.02619899707656329
11027,0.27415624591177024
11032,0.008283399639273976
11051,0.010916555481052435
11060,0.008291390169010017
11065,0.008525818188610456
11094,0.010253670557210373
11096,0.008694650896015182
11115,0.01941364764645339
11124,0.023381889420882686
11161,0.011307690718660782
11169,0.07887243983552009
11178,0.010657350872678132
11185,0.04570518951561538
11191,0.014237390014319834
11228,0.008395328392082181
11234,0.010549161828431273
11259,0.017196832207332063
11264,0.010054144253806744
11286,0.027386792411491154
11291,0.011517595118143919
11296,0.008809801509410627
11300,0.008907439489454256
11302,0.01599766898535884
11304,0.008115688416520928
11313,0.010065787989554733
11315,0.007913227031184305
11343,0.010032139589472615
11361,0.009383972218702779
11372,0.023661089106135298
11376,0.010745545320626134
11399,0.00869611991976948
11440,0.010457726055919351
11446,0.008546711930779802
11455,0.00832380587666403
11462,0.05137310835472264
11465,0.010072559827346195
11499,0.17889646155865058
11506,0.00875005442662334
11509,0.008605799686304413
11511,0.014824536373469963
11535,0.011425342326611694
11537,0.013583073952669302
11538,0.007912304566914581
11550,0.008284917998746977
11555,0.008272571948864283
11566,0.007825633370260463
11580,0.009919281955094244
11584,0.017823505540546413
11600,0.03341750570513557
11636,0.024296154964067687
11644,0.01054208222304901
11649,0.024308505679177233
11657,0.008038576288125935
11669,0.011186886490660429
11672,0.016060128488523367
11694,0.030278743620792144
11721,0.008704583950199003
11748,0.009715678950426508
11796,0.009164000347591803
11805,0.008092416266064792
11811,0.009455335313387705
11872,0.009137714922288962
11903,0.009634678560150491
11923,0.00940498148093249
11929,0.009227433459377375
11930,0.009153811139656692
11976,0.03812269033385983
12053,0.04090029167037604
12065,0.02160432553003473
12075,0.024787736488786006
12088,0.026367516751343786
12091,0.009543599057208717
12096,0.008686369789741836
12141,0.02808943614824969
12142,0.05310954131562475
12144,0.03558272302463286
12171,0.03558272302463286
12181,0.045441532160572055
12189,0.009503247804733675
12206,0.08168639305323544
12210,0.03570235428428065
12215,0.014097227346720915
12216,0.03756236853210291
12234,0.013632628072868077
12236,0.3152738124480897
12250,0.009678559154709951
12252,0.009262580533878902
12262,0.007726948541857089
12266,0.007699836641178407
12304,0.012458462072134023
12312,0.011424647342811902
12338,0.010891657897414248
12377,0.012767381246834011
12379,0.2745286787856871
12389,0.009995312853612192
12392,0.008536702951162404
12403,0.055827954319195426
12421,0.055827954319195426
12428,0.00911918943304616
12433,0.008943971150940679
12441,0.010294037430641449
12445,0.009064097902913739
12458,0.009569822537582883
12471,0.020826880251028846
12478,0.010322045059883826
12482,0.008216555343889728
12485,0.07279371561733583
12540,0.00904635013462922
12545,0.009135450986501065
12559,0.008007440180240117
12568,0.016908922310724897
12575,0.04922276843501364
12576,0.009698767446687514
12578,0.27072647782967896
12581,0.0347447636581616
12589,0.08085019569027925
12593,0.05583339637457732
12597,0.038168850003678007
12598,0.008007440180240117
12621,0.016990775943801113
12625,0.014735295896032112
12635,0.009596330004098371
12658,0.020997498147683286
12669,0.007837008985554178
12684,0.021951100852555375
12691,0.008999745544855933
12711,0.00847805957952636
12713,0.021951100852555375
12719,0.00952056169768965
12722,0.0627098866807576
12731,0.02142186632433449
12734,0.021952134142973267
12744,0.018336109516693583
12788,0.009241719637527674
12789,0.008565653350714976
12791,0.03387640836569121
12796,0.01992594663592539
12801,0.015437904866867665
12804,0.008359052016256814
12815,0.01865277137627895
12818,0.012735804076750859
12825,0.01919999431888899
12828,0.0212729803717385
12840,0.008901417525679842
12850,0.009021161866882479
12868,0.01145700695988532
12874,0.017277667396210297
12879,0.03425179345938616
12884,0.012556403690206724
12886,0.02215656924119459
12895,0.010224747516794957
12915,0.00828594124248023
12926,0.007947373041767987
12942,0.034257429497709
12945,0.008686403122228103
12950,0.024373354681090007
12964,0.008419724993461915
12972,0.007872726023321579
12992,0.009156935745405999
12994,0.008193227471650391
13003,0.009076842757894686
13011,0.2713653904535819
13013,0.009314845056864977
13032,0.009117083094010343
13071,0.010928075268535887
13092,0.009585391444833478
13128,0.009036818235341354
13174,0.009301634638909373
13176,0.02078051682066157
13184,0.010439210284553234
13200,0.009624222761161986
13235,0.00831769525176066
13239,0.023516583726247087
13245,0.04232068963162174
13251,0.05596106479044324
13288,0.01653584021298281
13316,0.013347303871015858
13323,0.00793720872134617
13353,0.009713017532981035
13354,0.020151138740931173
13375,0.00883220998079456
13381,0.022921050976089388
13406,0.007948966006021093
13421,0.05915619013569022
13424,0.04743209486693338
13427,0.014221253504794
13428,0.014221253504794
13431,0.008665721941562829
13440,0.03235325902841337
13480,0.0089717969728118
13484,0.035513349390089176
13498,0.008426148566388706
13505,0.008369084186660703
13526,0.009704200801198217
13531,0.014185416673803613
13550,0.04742472793498297
13570,0.008289906436576865
13582,0.023246033411988117
13599,0.008559374051036163
13619,0.01352333586720507
13623,0.00950817214712803
13630,0.00805458074291859
13634,0.5486645848137622
13646,0.022552942041188864
13657,0.016989052968490063
13700,0.009500129542185844
13704,0.04544917562803079
13710,0.009643348972400373
13714,0.031206942449977997
13733,0.008279830640839059
13765,0.00929885317964537
13782,0.025059351267296442
13789,0.011190985390327026
13794,0.02721616749711312
13800,0.008111425067661417
13824,0.011399827026150243
13831,0.05895360659462117
13839,0.009226650970395074
13906,0.010821511789676955
13913,0.019341823867979606
13940,0.017971495697721582
13962,0.008081495349129103
13963,0.040899801099694065
13990,0.01039810407960666
14027,0.012479947974535157
14084,0.011453129860257384
14108,0.009239422732289546
14112,0.028077744041291743
14113,0.03895490518343957
14150,0.021798285006554174
14163,0.03608343900263277
14169,0.01066641014258426
14170,0.009789776226502293
14182,0.010390199977620859
14225,0.00838286345764039
14252,0.030129432315130735
14256,0.009689751642273025
14282,0.009731869698385845
14304,0.008744006563711274
14309,0.010830211063548313
14311,0.008807957527140276
14324,0.010392929823014973
14359,0.008720017110378162
14369,0.014557052747931912
14370,0.010096374163907457
14412,0.011565240655672224
14417,0.031564811396757486
14418,0.061949542935632394
14451,0.04263214984946939
14477,0.008957760849681336
14489,0.056072745629778764
14503,0.009832113519094195
14535,0.008325926184433455
14561,0.009532265038499847
14580,0.010557417001112228
14581,0.010538185632146034
14590,0.011760149183374391
14597,0.010197955861387761
14603,0.023306905014885953
14616,0.008662012023623267
14623,0.023801878448062277
14624,0.0758944277679107
14650,0.021001673413933487
14653,0.017760484286615644
14793,0.009226584094876483
14794,0.01446361381431156
14891,0.00857674162371533
14895,0.05252766579792148
14898,0.018300098470714066
14912,0.019493200030887916
14913,0.32769285665438563
14934,0.011243700238687121
14954,0.01042344835329593
14957,0.03383325182805335
14960,0.012185999562882691
14983,0.016322162415111377
14985,0.028441638027022445
15027,0.009976017933027086
15060,0.012138691335953381
15077,0.020092118602844572
15087,0.018319940216076067
15092,0.008929369188231315
15171,0.017404462723951818
15178,0.051972976645830046
15247,0.016295341108925984
15252,0.02166200070443815
15267,0.008434106734584137
15274,0.008423261211795048
15283,0.032559560362934996
15292,0.03557955780574813
15293,0.020303200689642142
15331,0.009722525052827679
15337,0.025531719192199657
15343,0.010530332937266539
15347,0.012695676090996661
15414,0.009123936109062826
15448,0.03348906736006267
15459,0.01172175804442519
15521,0.057788218065191105
15708,0.013918512197594168
15709,0.012596155974766935
15855,0.03201252044393094
16188,0.0138865095723466
16401,0.14251932477444929
16453,0.03258912499076387
16456,0.01736274010862566
16476,0.022047955385450298
16477,0.012739391618113667
16478,0.015879694102507242
16480,0.04717558924326823
16531,0.014611407022521132
16597,0.014591136404955013
16650,0.01236655273977107
16710,0.04185461322980496
16721,0.054355311552545076
17101,0.010710443375624525
17196,0.040323719356700004
17199,0.04010159803172227
17239,0.012128659743876077
17341,0.013656695958525644
17890,0.01865268594602777
18364,0.026182240609176063
18560,0.017877095694788465
18576,0.04146286061383995
18654,0.011920406741532271
18699,0.030915905187011334
19129,0.013033877389575458
19209,0.017659747463686575
19305,0.013742673360045303
19398,0.015234487613520836
19402,0.31893130016904153
19431,0.042236591469706035
19433,0.012614066248682335
19622,0.02290399271402547
19911,0.028992007830191336
19951,0.014403922150118278
19965,0.014214097615775335
20036,0.038563050069205435
20180,0.15020446831193104
20185,0.014920111170554685
20217,0.02985031185329787
20245,0.0445209440400859
20338,0.013413224929147293
20423,0.08682686922353965
20548,0.010479821183957199
20570,0.03753548330694911
20653,0.011941880566537907
20747,0.011854558498806804
20779,0.03811594104729282
20904,0.04111234440710301
21116,0.02399812618898458
21118,0.04407718716011908
21132,0.07963015030199455
21136,0.06666214887930175
21186,0.01232729786592846
21232,0.04424721191739827
21237,0.011512441211468362
21238,0.010134234186892162
21429,0.009434298092549465
21440,0.011198805111975099
21487,0.011039860445585605
21496,0.02494290892195952
21542,0.021473925811017012
21563,0.03379788370015442
21663,0.06456009014102897
21677,0.20786246018046303
21743,0.94832649811954
21776,0.025740518969216752
21777,0.011449771828614952
21792,0.07683539719604014
21828,0.022625456715652102
22008,0.011533627664650981
22053,0.009151864068770547
22144,0.010625085889867526
22199,0.2941994442563301
22205,0.017799224900419526
22207,0.010876160370738769
22260,0.024703684748481797
22325,0.03273625912296621
22373,0.021954601001567084
22447,0.010525698487841047
22461,0.023531886889622388
22542,0.029723642266412956
22543,0.07284980478276902
22612,0.06128923471734139
22632,0.011397164010434755
22633,0.017580572902839077
22650,0.17080868191438311
22729,0.009927853630242291
22761,0.030104597695097057
22772,0.02884696724087707
22797,0.025927051015784772
22815,0.012158505429156837
22817,0.012755304966703367
22829,0.010962836021814295
22949,0.09232408228406647
22962,0.06110080330230262
23002,0.012349680241482718
23027,0.011238375101558229
23062,0.009992800204763798
23084,0.010639769758031102
23195,0.010093214174525621
23220,0.027087204646677826
23224,0.010087161753255263
23226,0.0917017803686538
23252,0.02579187280836638
23291,0.010082974475004017
23485,0.010895868608363583
23535,0.024365984154366024
23570,0.061756036004855214
23577,0.02479363376206259
23587,0.010621473799214836
23591,0.015937285402935826
23616,0.021811943375651555
23623,0.19982305041590281
23697,0.1546932490108431
23714,0.008856739151723358
23753,0.01979153585678123
23767,0.01197407985160799
23790,0.02014090342129841
23809,0.02148252579009188
23810,0.010939724335595435
23812,0.010589449354002729
23852,0.013000428582103636
23898,0.021445364232556254
23943,0.09438604978309037
23978,0.024241515830095376
24005,0.01179743506252524
24021,0.031674664677690846
24032,0.025754200685613397
24040,0.024301835373958462
24099,0.008871699210748001
24113,0.008814009865427347
24157,0.008795408053471841
24171,0.05397102178440371
24197,0.01081077257007507
24204,0.010898958305516028
24216,0.13609496402994184
24234,0.19341090870355343
24291,0.04413693799630662
24293,0.06930137238952681
24304,0.009519000135669834
24316,0.01048510252858236
24344,0.04516776045901435
24350,0.04578931361408495
24352,0.06737061477317872
24378,0.009435129777366226
24396,0.008872937590435542
24405,0.00890775065771418
24428,0.010407673046690604
24430,0.010694684785494249
24436,0.058049591180268686
24463,0.04415268440614048
24468,0.009122645615952878
24475,0.06114146349806744
24483,0.06061651926099586
24538,0.03180571375821514
24539,0.010481766039456011
24610,0.01309335119268725
24617,0.016090632318710628
24658,0.22608593333898822
24660,0.009556715065878504
24670,0.026134403779299407
24708,0.009943475853987716
24720,0.011444368622045824
24755,0.010782801149709241
24781,0.018028681886373896
24783,0.024295696803676912
24795,0.034987122298801576
24797,0.07706005230453594
24800,0.027329094491633676
24803,0.020138365301598696
24810,0.008450303527422043
24837,0.011837298352132373
24842,0.03006826179818223
24843,0.011671400237556718
24844,0.010759554852461776
24853,0.01123632242670207
24856,0.010798505996509717
24878,0.019300751209357356
24888,0.02333761537498615
24890,0.010345666673482514
24893,0.03175294957113754
24898,0.010919516865609666
24912,0.0346822841431525
24922,0.010150880999035614
24925,0.008595621208952397
24965,0.0097859554856868
24966,0.017860728338361664
24978,0.009946238454059874
24996,0.010550610216511202
25013,0.08849139676467989
25021,0.010585919678954031
25027,0.015516458677297531
25047,0.022100564215523588
25056,0.05386584102032816
25062,0.01295014170360789
25069,0.00935347012872644
25079,0.008696789083277307
25088,0.014158791730283797
25095,0.019195730220690342
25108,0.03666615188087924
25110,0.008837858742838031
25119,0.010337004384462266
25124,0.01007682434049432
25130,0.06213944651503929
25157,0.05965957476489191
25166,0.010546024295976944
25170,0.042065628572918685
25180,0.00872276860641899
25181,0.010029647211111698
25186,0.04602264290019782
25198,0.043134523293437546
25224,0.020006534218929835
25234,0.043134523293437546
25241,0.0292804599024914
25274,0.008935406997429236
25279,0.00930497751026103
25302,0.0266293738145246
25312,0.01041121865171334
25318,0.01126429590772845
25320,0.010224584701152301
25331,0.03163675078785197
25357,0.03529667651395089
25361,0.03986955454285653
25389,0.02317328769236522
25396,0.009430421448230973
25399,0.02783054224657145
25405,0.02045119448895785
25406,0.00849395662440485
25430,0.010838173614597966
25434,0.02036084943277943
25495,0.031497734052724144
25509,0.008616021940251383
25536,0.02490919884679084
25540,0.027388318986956647
25572,0.015755569614076835
25579,0.011324641878472042
25603,0.02021032145349904
25623,0.01961006551660958
25627,0.012392758387995417
25676,0.010819479054260225
25680,0.02908122560021604
25683,0.028986473588820987
25711,0.018036716508929924
25726,0.008398756219991876
25731,0.009204138042482862
25737,0.008845607129043856
25745,0.011385013242529595
25747,0.010582408254768602
25749,0.009537189226701675
25774,0.010167515463268348
25789,0.01015563712304562
25805,0.0309149105104334
25845,0.0847235914292703
25848,0.03053928596136142
25849,0.018275591998789305
25870,0.009704741401760145
25874,0.0091733588390994
25880,0.01761102702800545
25882,0.031078955621701966
25896,0.04642615142822719
25906,0.009138709298359629
25918,0.009665970972408578
25921,0.009774815029408634
25922,0.014308207512241294
25923,0.00864941335156925
25924,0.044852349409930006
25937,0.04313521000314162
25946,0.022479018763377014
25964,0.009895425885886001
25978,0.05895327174798131
25979,0.010294867608738476
25980,0.009913814888833134
26011,0.04402191272007718
26012,0.03310856934309024
26013,0.008397492406304836
26021,0.010373391807945494
26039,0.13870979513949497
26045,0.012472204283285127
26061,0.03649715877693461
26069,0.008905180504309534
26246,0.03236886327860491
26520,0.056551855701629385
26900,0.01036116240655403
27199,0.010641306011472626
27760,0.01719201384306853
27776,0.008286161584373916
27784,0.03342019445598152
27790,0.009407388838994108
27794,0.008601155630724134
27823,0.008753320823986947
27828,0.008323026104002323
27856,0.013858845075829488
27906,0.010983740744274152
27913,0.023498990165104077
27928,0.010871089154078716
27936,0.008731995396260779
27938,0.0454717529277877
27939,0.023097518833488
27960,0.008302862709741845
27965,0.03712061691122913
27980,0.010332664120478171
27981,0.040381329825092974
28004,0.022522451064560387
28018,0.01296733542134139
28118,0.011739600431584422
28139,0.01063600511166
28176,0.011786270458429325
28180,0.009383219701613021
28191,0.010947676869146888
28194,0.015299424107736046
28195,0.017547245680305346
28206,0.011741049469979902
28209,0.009170713793183434
28285,0.02549725627010772
28295,0.012340263352766553
28296,0.015432392797759388
28303,0.1574060868028348
28347,0.06535944044123584
28388,0.029007589302044844
28397,0.008815030544440806
28408,0.011959246862939964
28410,0.02881340213908181
28460,0.026169544215019255
28462,0.010437138437616207
28477,0.009666932077322858
28518,0.01086783396962495
28543,0.03169332291745244
28564,0.008437370170193824
28590,0.014982972815469776
28641,0.008976396906623283
28648,0.03494800328206436
28675,0.008694602097267688
28704,0.011526272825904649
28712,0.010942652641657091
28717,0.010321483947904725
28742,0.011944554401721987
28749,0.011699546926019004
28762,0.01747120444103279
28775,0.010592136044096121
28791,0.01040059595474108
28806,0.02180218944151625
28819,0.008394495124958157
28853,0.09430721145568895
28877,0.02193099320802316
28916,0.009396788858227758
28919,0.010135673401910114
28924,0.017418079544024093
28930,0.010602624069249793
28938,0.008839790380645515
28940,0.01035081073724891
28989,0.04786856608824256
28998,0.012387999516862019
29001,0.011488238929265225
29011,0.010346032316102958
29015,0.011394124561478224
29028,0.06436511776252568
29032,0.02834222722371123
29040,0.00926773572516473
29086,0.0958037602508395
29089,0.017868098111185178
29108,0.012654206956463052
29127,0.011815556296275134
29129,0.010337776794262286
29133,0.010654483636177662
29143,0.008917771484105068
29150,0.014888488389207456
29151,0.010615991084846432
29156,0.011707249231938254
29165,0.011404639801830771
29170,0.03644612123095869
29173,0.009186431087437396
29217,0.008660952644923524
29241,0.06953630462219872
29264,0.03984613706340368
29268,0.016291535277116763
29274,0.01049832646739394
29304,0.07608949159515382
29319,0.03893311037851459
29353,0.04498274498424113
29382,0.010171815135269453
29386,0.012130261820427793
29392,0.01009079969601754
29433,0.012796459858256686
29435,0.008285216550945426
29449,0.01110212184735968
29453,0.03507505833559985
29511,0.010017526619042903
29517,0.008630524205956773
29555,0.017629983635254826
29577,0.03638969583293644
29608,0.013821673908005573
29609,0.009701398796827623
29612,0.009518386496568889
29616,0.008534204031336545
29621,0.044103041416194144
29627,0.012796459858256686
29634,0.009943660969615539
29698,0.024434598672409474
29705,0.017817309872471068
29722,0.011883313060175085
29733,0.012909882084254984
29751,0.00814763602960315
29762,0.0362061703305221
29791,0.02779611588394895
29816,0.045805920141302886
29829,0.009811429810775783
29830,0.009879993917119368
29837,0.008407048964353209
29870,0.013205525665319143
29887,0.031921754943691816
29894,0.009768065478263529
29900,0.012672330174109722
29910,0.010576031952467969
29921,0.01477383585050117
29930,0.018099144278350857
29942,0.021003237483175077
29964,0.008412340824430278
29968,0.02518641310220728
30006,0.020601826852392584
30016,0.00942333211006957
30029,0.02163281469264476
30032,0.029289168358994283
30059,0.014114499021119508
30098,0.011596721142835626
30137,0.05740011463529632
30138,0.03687330547738072
30161,0.04392301665675294
30169,0.013185995929392081
30175,0.01150287709429162
30205,0.03635407160416177
30219,0.01369731299743303
30220,0.01840343099692502
30234,0.010228922755245678
30255,0.04657911892400426
30259,0.011931912415221374
30260,0.010040540492412065
30276,0.014394824763267098
30310,0.02950158219798011
30398,0.010693158715054484
30443,0.010256060430040632
30477,0.026772610918866083
30540,0.011262648131469138
30558,0.012178639826015608
30576,0.010975766309855941
30612,0.012129343432385383
30614,0.04875339164040499
30618,0.01363151890443339
30641,0.0444258075982492
30649,0.027180498683333092
30651,0.00840812230248484
30662,0.022483522987739864
30666,0.013847861696632912
30671,0.008872623271436245
30701,0.0167550275344116
30710,0.011220920106312765
30714,0.033256202844038955
30797,0.036473147931383294
30847,0.011669371543408377
30870,0.010672513207089984
30877,0.008672720287660772
30899,0.010954953893636307
30928,0.019877574199168493
30964,0.025653279453646944
31037,0.010067232032300668
31055,0.03648225031304906
31099,0.012418559156766098
31122,0.028208584438980368
31147,0.008597643510132664
31170,0.013872711968988738
31189,0.03330553490433673
31203,0.010468795524675696
31214,0.01330256588516147
31224,0.05931165259718553
31227,0.00868159018377816
31232,0.03643997108028272
31337,0.046704601182935554
31389,0.08127284151585681
31392,0.02449322061860205
31418,0.010548324710099446
31419,0.031143480710758613
31453,0.01771176871089695
31477,0.023939282308001367
31488,0.013975272015752821
31524,0.04214417164665021
31560,0.009534712544226472
31564,0.010855512751442383
31567,0.009001333448151948
31607,0.010377341902210825
31616,0.009210679284201865
31629,0.010639142629940482
31634,0.013548138976344989
31673,0.009145526164129482
31674,0.011229577054293467
31738,0.010992901066851019
31743,0.009133852800578738
31748,0.01280345305243907
31751,0.014601075840153271
31752,0.008389552954159265
31843,0.010905992444453705
31846,0.018114469315475414
31881,0.010227985629237274
31887,0.010926627946914614
60800,0.03034632695006815
60801,0.008608932008247399
60846,0.023156560801633842
60888,0.03626556272536655
60892,0.012464532690824795
60894,0.010229950644320836
60900,0.04387317490427459
60902,0.011229008808188503
60931,0.009395582047750876
60942,0.010191124666565797
60972,0.022871227866590405
60979,0.008819518618105503
60992,0.008460350473748431
61028,0.008849072633378571
61068,0.013687837539170368
61069,0.008404554330883674
61077,0.011609761433265711
61122,0.009703399065258547
61153,0.013337354183358394
61155,0.0240929152894018
61179,0.008899250923655004
61181,0.008236998468392754
61192,0.008760761765740269
61236,0.037741761133380416
61273,0.01345041860671565
61285,0.009979817869679544
61321,0.010437255866649876
61325,0.010921250911922881
61338,0.04934353364703367
61350,0.008672630714579401
61356,0.013576094993355306
61381,0.010938425649849072
61399,0.0176777555863066
61409,0.010816520384944793
61418,0.010651489111194196
61420,0.011004797344850407
61439,0.010341677324828148
61448,0.009208393787563334
61483,0.009770969611660577
61490,0.03750532020279095
61494,0.010169109992784838
61496,0.033779164285639034
61513,0.01930699228837737
61519,0.012362403072859927
61552,0.01003488478825294
61557,0.010525477093987554
61562,0.010523179551229719
61567,0.01057294381734377
61574,0.00994320892411144
61576,0.01066987101733414
61581,0.00882762868155938
61584,0.02180319048460373
61587,0.01100882857884052
61591,0.013214452811425517
61596,0.01178759854224075
61600,0.020468326330516276
61635,0.010622585280994946
61646,0.034399211054181436
61655,0.03464331431984425
61656,0.020007348363343412
61662,0.010934703913967819
61673,0.10763450432231773
61676,0.010017867068901223
61685,0.07896492167633591
61709,0.013465726793269028
61712,0.008748644362962446
61726,0.00855132295827258
61732,0.01101806466259863
61735,0.01001640031021086
61745,0.009709285761011247
61763,0.01193121914766168
61766,0.01018139998234406
61811,0.010539555512228939
61839,0.01088738469721441
61880,0.06470874211763386
61900,0.02276120664056817
61903,0.010262259985896971
61925,0.008623980190505375
61971,0.009307528913069307
61984,0.00872419334290536
61996,0.015425950871696471
62016,0.010517104252974212
62057,0.021255324191469006
62088,0.013465192788652686
62107,0.04063190510754044
62110,0.03265301566979989
62168,0.02039000091491639
62169,0.014856916194225635
62178,0.030479666725667362
62204,0.011118393275746749
62213,0.010056617313617075
62217,0.021418097246459118
62221,0.031672583894928684
62236,0.010433732173398042
62262,0.015870692125087484
62263,0.016550961239847315
62266,0.012543513985023829
62268,0.014258944796140916
62290,0.13918931446801733
62292,0.060269301574334085
62302,0.016682379304855315
62317,0.010115376887919449
62330,0.016318693681336694
62374,0.01639945189138706
62378,0.010367956566025712
62382,0.01155217416776798
62391,0.10032139334298301
62396,0.08334199469776246
62446,0.02207090222832715
62494,0.0817052036665049
62501,0.019366282949512696
62516,0.01129004982595571
62549,0.02199030003392025
62553,0.010359585649261562
62602,0.017516625009374835
62626,0.010336618995671698
62640,0.010897544440320536
62655,0.010773012786609991
62666,0.8491911643944384
62686,0.008831273678457287
62698,0.013687685096318949
62730,0.02196630560251295
62732,0.010307249571460241
62745,0.01030112832773624
62819,0.02208222870410404
62823,0.010036369803060661
62826,0.03469930622926156
62829,0.051874403422644225
62897,0.010096619777920184
62921,0.010415700105142945
62948,0.009790050362894171
62954,0.009002625198522251
62977,0.017489917270425665
62990,0.01108081592066612
63000,0.010820764053081291
63029,0.051389357836186665
63030,0.009127277179597276
63057,0.01886336432138294
63079,0.0471633939614597
63080,0.010467426265882655
63081,0.04031777279391854
63083,0.011525099935378166
63099,0.011122042362069127
63122,0.025321090164615714
63123,0.010711138161656671
63138,0.012848462878229737
63172,0.011710264203121185
63281,0.010851226234903071
63290,0.010708215370630315
63312,0.04098398561128888
63337,0.010733881871980875
63338,0.010279777932304935
63388,0.04098398561128888
63405,0.009940669316809514
63417,0.011487998896541418
63418,0.04098398561128888
63422,0.008745423805218847
63424,0.011006063457913823
63447,0.04098398561128888
63448,0.020442224590534377
63454,0.009493553532868501
63490,0.16414753844388338
63495,0.012149898259233112
63516,0.014800244725811805
63520,0.009933052691414642
63527,0.00976927545662021
63531,0.01732087836962551
63600,0.015703915310811684
63605,0.04439683588866159
63640,0.049661894362760785
63643,0.01705552819986925
63650,0.010727260018289438
63651,0.010705873564333597
63667,0.010358415590335266
63700,0.026281388287377982
63708,0.011921944703730477
63724,0.01582809066178292
63739,0.010037860027694374
63752,0.047605243710741735
63763,0.024967993212072066
63798,0.070826015917164
63847,0.014138590036749556
63863,0.015376862691611804
63866,0.05006172147987433
63876,0.029759704336636095
63892,0.027083913934785205
63901,0.04814341599711861
63907,0.016787466743787716
63919,0.009940108136049458
63927,0.012157280345119398
63930,0.013047819014343067
63938,0.010309010399926367
63952,0.01715830447226666
64004,0.033526660153825036
64021,0.04787494065812578
64028,0.009762776282315784
64030,0.01386814061168358
64041,0.015885669611336705
64055,0.010333072216310782
64061,0.01160168047990346
64063,0.023687091197385924
64088,0.037924186051808015
64102,0.014563886238173078
64103,0.01064792153168882
64130,0.023087209598723443
64132,0.01029661759993984
64135,0.014862371460910634
64156,0.13901309913490556
64162,0.010064439595625732
64163,0.01248627704089067
64165,0.03418849502060338
64166,0.013032926081065516
64175,0.011783428979882013
64180,0.04976232504929143
64223,0.011070588587241957
64254,0.011386016559636442
64275,0.052050014832593056
64302,0.01273982378405882
64304,0.05257890619280255
64327,0.01748173152575034
64334,0.04679609584392215
64341,0.009669457993506495
64344,0.0208314039749865
64346,0.011806134567026965
64356,0.03883815496312183
64389,0.018246655279056764
64408,0.009853915343330756
64410,0.06663445745565548
64480,0.011591650594325377
64511,0.8478902085052434
64550,0.011746161174180727
64568,0.009361772663426235
64595,0.05669328230807563
64620,0.05223255912601863
64626,0.01407239541904034
64641,0.02556064038155849
64645,0.026418068868928474
64668,0.02426768364757724
64745,0.015097135160139559
64768,0.011621052208384582
64848,0.01372719686717169
64851,0.010564485201249564
64853,0.05009014980782283
64891,0.05631463437266477
64901,0.02934392259367543
64915,0.010924256998350335
64929,0.018114535840814468
64942,0.011529633222967621
64997,0.011551510180897546
65006,0.011804923073392218
65009,0.024213029165713572
65011,0.014543573708494628
65016,0.025824878448672494
65021,0.0382391984762902
65026,0.012002883498691688
65036,0.01012679428260642
65084,0.013845734057071525
65089,0.054335941610005635
65092,0.009568174996218521
65095,0.010462943756296743
65218,0.047732140890156545
65220,0.009787558574429303
65226,0.04912716003392727
65244,0.03603836302551315
65247,0.04116028766330493
65270,0.011640309370485536
65280,0.04460067794470237
65286,0.030189025144074334
65308,0.04460067794470237
65342,0.016475640486499424
65343,0.08750858710057492
65374,0.012723255076866953
65376,0.02608365007521951
65399,0.2130006923964288
65406,0.030528893352969867
65413,0.010472937371018315
65417,0.012203761606807704
65421,0.01255934959480779
65430,0.014778591571520817
65459,0.020489478376238577
65491,0.012055460857437144
65552,0.009705147179415133
65554,0.031792535534379475
65587,0.05312492685344177
65590,0.010281290830495893
65607,0.01092217319135784
65630,0.010141759302916348
65643,0.06852833873346237
65671,0.008298763008982468
65675,0.012448410087609479
65676,0.011906853780764868
65692,0.024718815963293256
65702,0.009199248863885524
65706,0.008385223732291835
65718,0.010298439229104372
65732,0.01061797663801289
65739,0.014128137352838572
65765,0.01018775906277584
65771,0.008865423998544368
65772,0.010766412430307579
65812,0.04067973366934294
65831,0.010390875774911129
65850,0.008810170195023195
65872,0.008752475750738982
65896,0.012396253365001816
65899,0.01030052914589373
65904,0.06378670694199182
65905,0.009465932817206644
65921,0.02941514103842103
65930,0.0128145045386045
65937,0.011020059868034652
65944,0.01043305130480052
65967,0.009496831242189151
66016,0.012398847935114452
66023,0.01593972307017427
66029,0.029573917891266736
66032,0.011094125235195486
66059,0.017069033496061238
66065,0.026782226527064006
66073,0.009087062433118317
66100,0.01131430166318577
66149,0.040846596445586705
66228,0.1002948239231294
66246,0.012338538567530663
66268,0.00914164164127648
66290,0.044357269202387174
66321,0.012810632189728548
66360,0.01234793540713794
66366,0.010266906612187387
66368,0.04240339367379707
66371,0.010371121264503243
66379,0.014782666019512553
66393,0.01723632925365903
66438,0.02015558069529583
66446,0.01100022666935462
66448,0.03756850686155739
66457,0.009615084234112671
66496,0.008883837415792404
66544,0.012970263103703682
66586,0.009501455899192145
66588,0.032157809838471205
66591,0.01296909254664081
66602,0.011090290012766537
66610,0.010451110795195345
66630,0.033299683322283
66683,0.03925195377583773
66686,0.009376747957360779
66697,0.020605083509572148
66708,0.10684879928431558
105346,0.03629173959155049
105364,0.010486913075561335
105936,0.009913403471485028
105999,0.018792197364559646
106100,0.03629173959155049
106254,0.00918597487111092
106261,0.024176364108032044
106272,0.05438843544662476
106418,0.011907875377464424
106687,0.03627571922966079
106989,0.010485211140803793
107446,0.025673091517577636
108348,0.03627571922966079
108645,0.008287601402927508
108693,0.0444881653400007
108740,0.03609444799521297
108778,0.05863153899456679
109079,0.010013754555550302
109084,0.01118089955205945
109186,0.010329857894843914
109826,0.00870107068725094
109919,0.00933974415921701
109923,0.03627571922966079
110039,0.06072700266255157
110387,0.008836336202830388
110529,0.011558860780549992
110533,0.016526839903259042
110566,0.013059639122105362
110685,0.010626860749604151
110728,0.014586172642638588
110732,0.01154012635571424
110760,0.011934010130669009
110802,0.008662528758279752
111000,0.00998506381729938
111022,0.040645647133827185
111064,0.010622647278442946
111103,0.010117378898600744
111491,0.015113230364450987
111534,0.01035065848106306
111535,0.03352550113492722
111662,0.010330586296356057
111864,0.010178303063441628
111965,0.008738306460783964
112030,0.0734046922806686
112034,0.008260920271958242
112111,0.00888451128256605
112168,0.01091065878019517
112624,0.02707092515241213
112754,0.012448306174939453
112759,0.010194290355565981
112774,0.02095069999493928
112819,0.010869316442136177
112876,0.011227756249508718
112968,0.012091059484121177
113140,0.011327691696514632
113178,0.015246771260602832
113269,0.010035016065909678
113362,0.012958013775981709
113371,0.04852073302599133
113419,0.01007110098936363
113530,0.031161090547380234
114209,0.013978655067885922
114370,0.015136201223668799
114484,0.026842273991403143
114524,0.008676678714714413
114612,0.028534104857593428
114698,0.010865732374743411
115318,0.03658328132686943
115336,0.035102516634531615
115404,0.010070712649152607
115567,0.013481427702316957
115687,0.01644802088166002
115757,0.03525788550088878
116029,0.011163108234242667
116166,0.02222386474391725
116504,0.010519606161039682
116610,0.026353662846787387
116772,0.011561518866825864
116787,0.04660393231675142
116895,0.013408437958471409
117002,0.03647455492091108
117036,0.011473399534981615
117114,0.044131058907105586
117115,0.03570549670592139
117145,0.05375607590131683
117768,0.013017000938026577
117861,0.02485445698729277
117902,0.01141173789654099
117981,0.02072134195506969
118081,0.034442078419279966
118121,0.012108672412175997
118223,0.02949485550362944
118261,0.0614936740888049
118267,0.053115690736000386
118502,0.008863204511669534
118577,0.011113998148415885
118795,0.008325798327231035
119133,0.03389689423649981
119173,0.03415552075547018
119275,0.010029244818568482
119314,0.033068177227721963
119316,0.00886389200195296
119474,0.061595574933825024
119493,0.013054085343483296
119574,0.031644580067194436
120048,0.05924816049592892
120093,0.00878826332399827
120134,0.011522190588120812
120297,0.008805725957816661
120301,0.010508234541820823
120358,0.015166294428948499
120359,0.028943154253285995
120444,0.008975300059257226
120774,0.0283186064335498
120824,0.013033016217032373
120877,0.013105080248783629
121077,0.008805236953448203
121080,0.039500248495794615
121142,0.00890593498963492
121196,0.012448071204400375
121257,0.016367281624497396
121375,0.012126947685023507
121382,0.011664223160467377
121440,0.015685847377201616
121478,0.015749578022732507
121595,0.06793258408787659
121662,0.013641532799259674
121673,0.009940141662897146
121717,0.02180466750694998
121718,0.024643496683839913
121759,0.012632765154026619
121817,0.06979578877903245
121819,0.011981346693854237
121844,0.012565828040514643
121934,0.08214728773026435
122061,0.033973411137341064
122078,0.01251801599279503
122172,0.01082347760018812
122211,0.06352300320386914
122257,0.03768251596646099
122266,0.009233548345876141
122380,0.014917337396609777
122394,0.010054471664991169
122519,0.009156287544667838
122536,0.01895725519625188
122674,0.04299339219518506
122841,0.03417522254408535
122902,0.041307531276875545
122915,0.008698738759470899
122916,0.00891223396972873
122917,0.01021869303884763
123016,0.010704455728022918
123434,0.013879278932118285
124036,0.046672367115939806
124196,0.011004396004675086
124198,0.011386814809834077
124254,0.020408738308985142
124355,0.009439800887614506
124358,0.009842412527366895
124394,0.03395276648607063
124599,0.01334754308623776
124775,0.010254114833606153
125000,0.011104174825698664
125014,0.00910859029453317
125094,0.0089897091388188
125194,0.032504562667331954
125237,0.008670103445870502
125240,0.028620315873622564
125274,0.01151145600910324
125360,0.053957172041278166
125595,0.010402767108830965
125600,0.035488966642910125
125601,0.011838542627953141
125604,0.011460962929335083
125794,0.012303628598432854
125975,0.04581298332990929
126020,0.01466807724011463
126056,0.028703528776947422
126136,0.010799357783452077
126296,0.01968468408878169
126318,0.009788718451433353
126417,0.0392684562137309
126423,0.01121888860749487
126434,0.14091556901948285
126496,0.01011575147923229
126554,0.02067764249672316
126555,0.08572647796284297
126714,0.012895555561611885
126718,0.03453838996434028
126721,0.014508810796839503
126775,0.013930632079569847
127094,0.011590198884915654
127179,0.06066641979704853
127282,0.011564203527784965
127383,0.07949794525589006
127475,0.04876445221106389
127675,0.06146662728548004
128098,0.06642505433989411
128663,0.01739678558771378
128978,0.008669329139361864
129441,0.04313676660013658
129469,0.009941738310827007
129823,0.010557788877342465
130041,0.01487475560293754
130200,0.00928858215807109
130762,0.012222718293540344
132482,0.03544373704909679
132644,0.048251474732465265
132981,0.032511303685161856
133166,0.011826292753039874
133169,0.04825278216928984
133246,0.011849971563637809
133288,0.013328866497476504
133328,0.009223537064675333
133346,0.10722212163788503
133366,0.01068426159806403
133367,0.02701852143826136
133432,0.010842862874298729
133504,0.0160409717185702
133547,0.010267127888436449
133726,0.011679125486187287
133766,0.011309429851516156
133767,0.03253259075412865
133825,0.011248232446843203
133844,0.05150804810320815
133868,0.029394489022201875
133869,0.009021411274573704
133871,0.008448762151134164
133885,0.04897116838797525
133944,0.013432919390994384
133945,0.012211510319398971
133949,0.03713377427237833
134026,0.04789744873894212
134384,0.009348286809732669
134464,0.011417557182652674
134932,0.023766285173509483
135044,0.035716238378932584
135484,0.009419543616660336
135844,0.04870559234146922
135965,0.03426293895070329
135990,0.123354949798236
136186,0.043220866142451436
136648,0.00989884617227531
136725,0.010223354024126542
136804,0.019235261386082298
136884,0.010887369921726566
137024,0.009692664640151876
137131,0.0181756284230139
137136,0.05002020832409337
137373,0.02159731773243626
137432,0.01249181617656113
137434,0.008984147368920083
137573,0.025544177108103874
137602,0.008893071153959582
137704,0.10959801878554813
137722,0.02647513119655566
137874,0.011028465494497739
137884,0.03827870510701067
137943,0.036005910115471135
138122,0.011537464145848006
138205,0.03364942363954571
138341,0.025383519479063744
138342,0.012450667535659113
138467,0.009076287725752502
138483,0.013461184207433224
138601,0.01066842436753676
138608,0.011049714838730677
138613,0.009550117159994011
138707,0.011998748390928845
138743,0.022291563974868662
138921,0.013163562013734432
139225,0.015729507316368
139662,0.024991508541199844
139665,0.010880308365569686
139746,0.04461087255566677
139804,0.010737153053398635
140030,0.015678383414954384
140042,0.021950563844112723
140044,0.016503488561375238
140073,0.01072545615651588
140194,0.00919595638636479
140529,0.030480773439657837
140541,0.05183319143549709
140568,0.01393960112540957
140759,0.009202861365661629
140760,0.02821111509418494
140902,0.009422460759233349
140905,0.008827192483279926
140979,0.014866438111411638
140982,0.011102407544429923
141001,0.012779454122627204
141178,0.009353670471809121
141236,0.010264486981653347
141278,0.012512140081913864
141339,0.060819696625907894
141359,0.04557884898992526
141363,0.009861124366735334
141384,0.011611634899480585
141389,0.01571935256405865
141460,0.012471866321213896
141469,0.010608474665924147
141496,0.03249713211799346
141720,0.0954116949908531
141913,0.1711448311712525
141934,0.046320685325837906
142230,0.011027095945682778
142260,0.008636862534833417
142337,0.008633786350820504
142339,0.01121230763441439
142381,0.014331106998032448
142391,0.009443514965571375
142460,0.01021391447451777
142499,0.01995879753944659
142546,0.012289650075206975
142698,0.018221946420941104
142811,0.0127279165388567
142812,0.009117691447733568
142814,0.012707830938019303
142953,0.009879953491925504
142956,0.017952667223143825
143526,0.06193353448397844
143788,0.04657579759700813
143912,0.009435147227336975
143974,0.010903504845713619
144058,0.046486288434877995
144066,0.009973335874803653
144097,0.010731208007809419
144396,0.009883020520269644
144435,0.012454924561187877
144436,0.010443823632229473
144437,0.010679646053911447
144476,0.06865839325737888
144519,0.09619680936076652
144520,0.06697743319177325
144559,0.009169567409684339
144640,0.011514011010953342
144646,0.037921851887986247
144809,0.010379431516896421
144998,0.013351195204550031
145041,0.011656316689339757
145042,0.02339773599108948
145049,0.013304039632798907
145080,0.010715716263137744
145206,0.0496147565983116
145273,0.01262564664381521
145308,0.011255248719678168
145350,0.015767617919025374
145351,0.044033193460167624
145472,0.04083925512774856
145475,0.049431133561110056
145973,0.012684309225800732
145977,0.009070412850346505
145979,0.02360520149705677
146017,0.011039410511080188
146020,0.013992571364125024
146117,0.01613742434119506
146137,0.0956696118967292
146156,0.20651292347668052
146206,0.015251788622772888
146212,0.012611131540818917
146500,0.009945680954682456
146546,0.04541683041122264
146648,0.009070412850346505
146659,0.009540372838239898
146670,0.01928957542184461
146840,0.04782995171718754
147101,0.021152110504567976
147175,0.011618114687116234
147204,0.009134542669950544
147208,0.010257658418505807
147242,0.04168230036069765
147249,0.014172915222049274
147305,0.029407652890462637
147307,0.011227210110703057
147340,0.010271736393578881
147349,0.011325354580357735
147413,0.04538922008697408
147505,0.03752505879463443
147565,0.012597569279921051
147638,0.009924586468175293
147639,0.01181091233448312
147657,0.008906229718881225
147708,0.011470667469878045
147750,0.010262174061001281
147849,0.008496664644810102
147868,0.046913672859267605
147988,0.0947220272259003
148169,0.011771494405872098
148170,0.044935470316321446
148217,0.060002998034218276
148219,0.01138690436118367
148223,0.00909914030349606
148256,0.013404687027462317
148313,0.03984754415204903
148328,0.015351923437348146
148349,0.011356410129686984
148350,0.02492857400812539
148356,0.03173092978809817
148390,0.011078705655952906
148410,0.011226484394062746
148470,0.012533757321184275
148531,0.018535551429423695
148770,0.01063136885924534
148771,0.011652852662678475
148950,0.011711803974282365
148998,0.02649774664052771
149177,0.022263623099729464
149268,0.011764811621548528
149318,0.010191822017783677
149360,0.012116852899235185
149477,0.0157436266641947
149721,0.008633606874438461
149820,0.04194382216747622
149998,0.0637136821770997
150139,0.012279076061973199
150159,0.03366237391495643
150200,0.031385402470796804
150201,0.050171563096861445
150258,0.008308790433239543
150278,0.00899206164317358
150562,0.012036632268322085
150699,0.01079182851811101
150761,0.034500479546580594
151161,0.013918306562865204
151423,0.01165577785521428
151630,0.009078394788248989
151632,0.010931670106066655
151832,0.01174823475041103
151928,0.01066265084902867
152809,0.009062012103169328
153028,0.008843400778935202
153128,0.0095669633091372
153668,0.04019291850887868
153728,0.010964764136655107
154039,0.011786421723581663
154357,0.010162942619430565
154358,0.011352936131224673
154434,0.016950966023000887
154605,0.034969402877838215
154984,0.012045669807524877
155280,0.011464683229452797
155393,0.008426899224413443
155394,0.010536241091638804
155616,0.018234992670167222
155913,0.023695829265863142
155969,0.029732757726658416
155970,0.011767514975911263
156153,0.02014261380380503
156155,0.010417936858986858
156613,0.0323111381458558
156614,0.01203749501298254
156617,0.013859449957936244
156633,0.008992742508430351
156655,0.013935678553191451
156656,0.0243194486280976
156818,0.011279934468170933
156861,0.010455229477067658
156933,0.06372242610158496
157080,0.011979593440019127
157153,0.009342464207836767
157218,0.008827008854950904
157354,0.011741118285535363
157415,0.02043516839916724
157755,0.011311158795071382
157855,0.013800769796620836
157862,0.012691794202227462
157921,0.026488592413011523
157954,0.020199207906310357
158563,0.03408657242460629
158743,0.010746097658887371
158791,0.010803754459315884
160183,0.009356800579388565
160211,0.06796702809296017
160213,0.017915508271946438
160214,0.03051972136940493
160216,0.0087709735945811
160255,0.010905597675227615
160272,0.009267052815555845
160282,0.024250389345121068
160329,0.009082481038902308
160341,0.008623926090755466
160362,0.03650363830591162
160373,0.009287093537686803
160375,0.011130817500654207
160376,0.010418742880964076
160448,0.010353572296951387
160474,0.01209077614460656
160488,0.01095923074476888
160505,0.009428461756232047
160570,0.01007339585396014
160571,0.03341106267634334
160592,0.01794285349806431
160598,0.011465056284878454
160600,0.011156486827578008
160635,0.033344115155625145
160661,0.009008048657546883
160668,0.011481702642555854
160684,0.01001003843675716
160742,0.010911433852996292
160785,0.010556565796929058
160797,0.02109846227483567
160798,0.01305394915282911
160809,0.01278849797107292
160838,0.011699381292263855
160865,0.01425863938810399
160874,0.011935193291624365
160888,0.009800062216732427
160893,0.024636962647734524
160913,0.012003045380519965
161055,0.008715115628779642
161056,0.011583925464324091
161071,0.01190411134768273
161119,0.011775823813753429
161120,0.02252658698427358
161814,0.017051843889834627
161843,0.009906641440449341
161844,0.05574206857808418
161869,0.0402266481422365
161897,0.1572524198648565
161903,0.011709042131083562
161997,0.0681920879789083
162076,0.01131915657724772
162127,0.010919352478885229
162129,0.014196363591191918
162146,0.037283129227825354
162233,0.010440145268371724
162254,0.011125531020670367
162264,0.009118737449785681
162329,0.029087543281434508
162335,0.013938695512259455
162338,0.01189587501181211
162404,0.008862044684712994
162448,0.009845023013394173
162449,0.013359380254980336
162459,0.008662495329587327
162488,0.02679399715138653
162497,0.009416815274133385
162501,0.012366849964017134
162699,0.04097549259129509
162701,0.05360975142111024
162733,0.011609373174608074
162742,0.013724660999643597
162796,0.017924016995025074
162876,0.010046202610971331
162887,0.01019564444694967
162894,0.1736123131401917
162906,0.011669222103682698
162907,0.08019207563085409
162909,0.012638859901297657
162914,0.054915659943902254
162928,0.04631791565106813
162941,0.013584005986711604
162956,0.036955363229761375
162957,0.009811430167938673
162958,0.029724904755143756
162988,0.04246380845172896
163018,0.07667620683153514
163023,0.015531560270380298
163036,0.011173262037992005
163041,0.03693112936775519
163051,0.03607858300880486
163113,0.010976026325077826
163118,0.043564412093702626
163124,0.04048653184882261
163586,0.05216101287310097
163594,0.010459976038166653
163595,0.11084615535369166
163596,0.09357948443142038
163627,0.00882239631329136
163629,0.011372130199504045
163668,0.011124311442750605
163669,0.010912110540507253
163685,0.008750486619318742
163765,0.03104156926326612
163768,0.03749425056144754
163772,0.025607054058435354
163877,0.008715375275698994
163878,0.00885699220514435
163879,0.009933025744076653
163887,0.008961766637261986
163889,0.05294152112285502
163891,0.010396396383440183
163893,0.011822600796342342
163916,0.014924630397812196
163921,0.010958213565445638
163927,0.009474548944886077
163930,0.008375635854397198
163935,0.012430678926821166
163939,0.08384121231746917
163946,0.009767758132408799
163948,0.011196328316926104
163951,0.012571503471642478
163983,0.011914371496891962
163987,0.010268069969865158
164099,0.0346638449473774
164109,0.010407235140312754
164116,0.026755419856193556
164247,0.03683782628331964
164255,0.01579401522697616
164266,0.008810476959239935
164271,0.03370058919690113
164296,0.009323362250181245
164369,0.0193209252263483
164408,0.07003703417741779
164411,0.020737068089515143
164416,0.008965179367420664
164422,0.02603905149745084
164432,0.011577429062118907
164494,0.010431571967164596
164506,0.02584580141987212
164510,0.013896480283013303
164557,0.021076056180302203
164606,0.019311975521096054
164607,0.011552167730395763
164609,0.008434755480321122
164611,0.008786032787949384
164612,0.011574611931245815
164616,0.030371962474344243
164624,0.06555547278859418
164652,0.009732945621712095
164660,0.009763798333004114
164664,0.011050083684162304
164680,0.010010884885826857
164755,0.030109239688881035
164756,0.011377739296468146
165051,0.01062465008830841
165052,0.01201336788233797
165053,0.014977876867842311
165123,0.01971336982170089
165124,0.02467291093412966
165179,0.011242861490966784
165269,0.013091620650328843
165358,0.010756705487884946
165442,0.048046800911397416
165466,0.0489781674020253
165468,0.2188779787185897
165556,0.03379923824165432
165640,0.016437273293847116
165649,0.16208940708315606
165652,0.010554955210119588
165675,0.013722338714246073
165691,0.03167844701404747
165699,0.12284442082111231
165702,0.010849019092057013
165710,0.033356255767593775
165742,0.008978540578076327
165745,0.013509113341431237
165746,0.038945146402713335
165753,0.033430694157616334
165785,0.011046583976053842
165845,0.14630760997411896
165846,0.02598445501536463
165876,0.03704921269520861
165880,0.10861612805099563
165909,0.025740719073083184
165914,0.013225371045947355
165943,0.012994689977333777
165993,0.012710466915338958
166061,0.01203079140215802
166213,0.013815676426302487
166230,0.0100200017173754
166303,0.043699365961717036
166363,0.023966999177434025
166368,0.1737358287067063
166381,0.010240429029809305
166402,0.029925498393343988
166414,0.026002342779671173
166430,0.14407775982244228
166435,0.01408780455942456
166436,0.01146299442812473
166458,0.01573970929521434
166460,0.01187521875475452
166482,0.05351642241059687
166485,0.03790419072300683
166491,0.145749599251828
166555,0.11946829956305055
166562,0.026087573894388212
166563,0.01990866686341666
166564,0.040069679487258106
166583,0.011994811199031782
166591,0.012810573087154633
166593,0.05159094319559056
166733,0.011862290196052932
166740,0.05681273081608149
166756,0.03550685303629323
170307,0.036319620688500184
174049,0.03412639887633701
174077,0.02646520232690232
174108,0.020391580481488963
174118,0.032340013797470986
174119,0.012683237152901868
174136,0.016170018663518995
174169,0.047635081292915826
174236,0.012066119179117533
174282,0.009738746417249807
174310,0.02301160012641293
174317,0.011860116517477898
174390,0.010455107943664702
174393,0.10006681719783818
174428,0.06904871493721691
174483,0.03376612964527311
174490,0.03769262013430458
174507,0.019523831688704234
174541,0.044364058228845434
174567,0.01250305656594262
174637,0.012800124867041386
174648,0.009944450323993156
174656,0.03602585054620886
174703,0.011845344166808042
174739,0.0658951808823277
174876,0.04416611496609397
174995,0.03928561808391505
175004,0.023546698894235045
175007,0.00885717056029486
175008,0.03198004459646963
175055,0.009259797187808354
175087,0.07810535005412242
175111,0.011439417766591107
175157,0.09645797071558782
175235,0.01183331678668556
175269,0.062860854759617
175271,0.020382722711454984
175308,0.05125538585614958
175319,0.012784035027963249
175372,0.029229127568013658
175376,0.011164810475501115
175404,0.01012536054737371
175424,0.027646241323790365
175490,0.008842899340569138
175503,0.010064348154744895
175509,0.02036671183629036
175510,0.013751305431027466
175523,0.010104083130986303
175533,0.008865297682404292
175545,0.02228933733370828
175654,0.014522534123856125
175686,0.032939877692806374
175689,0.010962834068848076
175739,0.009658207072874245
175741,0.056157001199091915
175886,0.02467690273977434
175900,0.03533178123213616
175913,0.036866028507852144
175955,0.010952903266080406
175978,0.010417504365158196
175983,0.010978753407812776
175994,0.022912106780918803
176017,0.022707125064829872
176022,0.009528520531220953
176035,0.010444491956664484
176070,0.02870449928694182
176082,0.012377476031174452
176083,0.015319924413765562
176096,0.013521416134847801
176118,0.008889693658988706
176229,0.04776300373521486
176235,0.009362377823856865
176237,0.00888198448656602
176238,0.009625947903797165
176247,0.010368920616408886
176249,0.013691322355551825
176251,0.009846338284563912
176255,0.008590581328679747
176275,0.009011658481629735
176282,0.024476908490128766
176289,0.010316686344706233
176291,0.10906674454375656
176325,0.010135943528579142
176343,0.053172830231712556
176362,0.01403487118658446
176378,0.017164995050008038
176404,0.01226783632222937
176523,0.04199895526527196
176554,0.01707817346932543
176556,0.009455400779855825
176558,0.0110777581500029
176567,0.010100981714489
176572,0.010001085876148433
176593,0.09018698422191095
176594,0.026146299359206697
176639,0.008193016993704672
176659,0.008960237903170762
176670,0.01587454276819337
176760,0.008229557507495055
176764,0.009260849428028333
176768,0.039106332916857806
176781,0.008577674650495202
176782,0.047270171106362564
176873,0.028969750465032182
176874,0.015817975826894894
176899,0.02556315439358536
176914,0.040400958075471234
176939,0.02203642648387372
176963,0.015795999403774654
176968,0.02712422651909285
177099,0.00922580520276673
177108,0.023225773804076904
177109,0.008778235962190132
177111,0.01869358913375916
177124,0.009925624386126267
177127,0.12578956131848448
177206,0.010678292874420221
177224,0.03216920550159328
177225,0.009982903880059879
177226,0.027621812377132987
177227,0.009309723797361266
177228,0.008453453620507593
177256,0.009223726595760127
177257,0.009156297056045981
177303,0.06460590799966322
177315,0.00877283667363998
177367,0.0234836596992984
177381,0.02525749030515393
177397,0.009722777093573174
177446,0.009927758879068748
177487,0.013876529633642509
177528,0.02291369016105394
177538,0.02386351164177651
177545,0.00983054336168905
177697,0.023478343032065897
177739,0.043445388766475294
177744,0.007883696715896319
177780,0.008419230186655703
177871,0.02463490589027365
177872,0.009880280457915037
177881,0.010955043089689111
177882,0.02554895755306295
177884,0.008067905821804767
177895,0.010881069659956985
177924,0.2204605190800094
177930,0.00941467383668369
177943,0.028605267152586742
177945,0.011621214799267034
177953,0.018110858152385424
177975,0.009237354799754419
177982,0.008723227543899882
178073,0.011621214799267034
178083,0.00884879282257826
178089,0.008342146478880633
178097,0.00904438785408624
178266,0.011174976005454718
178310,0.03472969623214772
178413,0.024324024508416867
178493,0.013149204350807435
178494,0.025636585488812976
178538,0.009364057101213392
178608,0.013027566240170312
178619,0.009780545595699585
178644,0.02317439538915035
178672,0.02875219268172193
178676,0.024539091813410904
178704,0.029606769503881948
178752,0.00867178064788319
178767,0.008821712492474971
178797,0.00760732186569801
178798,0.010441193360026071
178803,0.018692075141092723
178806,0.009025371149294843
178846,0.014735230336713475
178851,0.08053801597234073
178863,0.00921272370324324
178865,0.008195373020589656
178868,0.018104132852431086
178870,0.028480016549914333
178882,0.024711274299800405
178939,0.027137823027281748
178943,0.007901929981553103
178973,0.02500799682675936
178976,0.020145768519175492
178995,0.026381396479710714
179027,0.008928983926133126
179058,0.010501315911951208
179082,0.05910334076167849
179084,0.008823819377094238
179110,0.05039188734806039
179111,0.011199593084950171
179132,0.008803690296905647
179177,0.01965226671104115
179202,0.009277256275522793
179249,0.008948398271346658
179288,0.015978227694895302
179299,0.008008068035457146
179342,0.02571930062192353
179380,0.00920161966841757
179413,0.0220420481225559
179417,0.008071281477657606
179437,0.03487801225136864
179519,0.01029899431259131
179577,0.04370469955737973
179596,0.03374062230585098
179597,0.007859186754568299
179598,0.014548991894666479
179621,0.009384220853448661
179657,0.013156808240031287
179666,0.008126355442869805
179690,0.01598171842860662
179694,0.010645918070232121
179700,0.00785097896745848
179738,0.008859997885667877
179739,0.02815780765992593
179782,0.009586772590978586
179817,0.023701916157439343
179818,0.008317391239090694
179819,0.008860800751978742
179831,0.02430105255945208
179843,0.008073258578800382
179925,0.008220652880139906
179949,0.02720150227323928
179957,0.02280887170755439
180029,0.035674888072846155
180083,0.02599059948877677
180118,0.0095032419054654
180145,0.048098761008564576
180150,0.051411619107860095
180167,0.007979112336800386
180229,0.044255280555491605
180272,0.010301217640074219
180345,0.026445076671743048
180395,0.019665975810032776
180402,0.027274508993709205
180405,0.03611891525353705
180466,0.027877096400286357
180468,0.0934908424597134
180597,0.010095656682073928
180635,0.05834152210575758
180646,0.008489972505229182
180683,0.12852187499890327
180698,0.008746733489642984
180759,0.018182028426456495
180821,0.01218654684384055
180822,0.010092520224020093
180833,0.011737818355610686
180905,0.03396383922591813
180937,0.010444247382732653
180942,0.013105724308206985
181104,0.06316464032317515
181269,0.047736932616199344
181290,0.023548145351036828
181617,0.0106946712562397
181904,0.06761909560006722
181931,0.04745250327140583
182012,0.06029164725505854
182123,0.0366409544237323
182308,0.008946895015507493
182383,0.028060201946193637
182387,0.019581814567044258
183022,0.09694143958477586
183104,0.09694143958477586
183139,0.009493304063282741
183144,0.054310206756774455
183257,0.016637849900222348
183283,0.010484330123524342
183345,0.05089290890673534
183366,0.042751904151660455
183377,0.02148614712936101
183421,0.04081791263000804
183480,0.009821793301171864
183547,0.008878722687519621
183559,0.06029164725505854
183570,0.06029164725505854
183593,0.04353780147947844
183602,0.037211483274636664
183640,0.015722436333343286
183684,0.011994240582514309
183704,0.01092050735822897
183736,0.010150241380471188
183790,0.02893406270538512
183799,0.10111934278008469
183831,0.09694143958477586
183920,0.018005276920692946
184044,0.09445471428496106
184101,0.024503835746855784
184109,0.04623291982508032
184113,0.05944226279876076
184133,0.09694143958477586
184149,0.10507033183417136
184157,0.021039262921952493
184241,0.08084410365793293
184256,0.02075728483629105
184259,0.010375553144359026
184263,0.019937559851702372
184339,0.0419286611033135
184487,0.19847099401830562
184592,0.11700801826469837
184619,0.11272425474477726
184652,0.008676569203957115
184699,0.08835558257280177
184742,0.010910271971419765
184762,0.11272425474477726
184991,0.01139380692793334
185125,0.025330075743095207
185193,0.011550662425702183
185361,0.012688357246598302
185372,0.024546997967295956
185391,0.12103618444703143
185517,0.008878688068581303
185695,0.08616657397002786
185807,0.01152210302166051
185838,0.07885292776705871
186153,0.08616657397002786
186236,0.011706671852893594
186493,0.012931535754857868
187200,0.15302970162189608
187692,0.010909687933969464
190355,0.1750647925923678
238157,0.050047599509366554
253527,0.10243562433997835
254096,0.010325213636259012
254399,0.014934227746236513
260329,0.1276984920779763
260583,0.011544025733690934
260737,0.06395361385275389
260893,0.008440328819288467
261215,0.12357289074715057
264265,0.009804253143354464
264385,0.01747233067885845
264387,0.012257980168307503
264388,0.03677835775857145
264391,0.011502136802506481
264393,0.010282555390236776
264397,0.10983942809974205
264414,0.008711902549570407
264416,0.0095548127918113
264708,0.009956752523794679
264713,0.0536459779165156
265188,0.008102313495443436
266163,0.00945768821285391
266319,0.10982394677310671
271794,0.008538337871680455
272699,0.010072173888963585
274165,0.008057421689462534
277918,0.009885078144467258
282189,0.0159577095646586
282553,0.02596608431398293
284041,0.0447662494978907
287462,0.011384165596708712
