"gvkey","Restate_Int"
1004,0.0251911200148257
1045,0.0543925827240845
1050,0.0277510745451215
1072,0.0251911200148257
1075,0.00760688471472574
1078,0.0179822656405995
1094,0.0265827637663091
1104,0.023972458793224
1117,0.0314042401726348
1121,0.0153087507221445
1161,0.0337189285728903
1173,0.0251911200148257
1209,0.010823520481581
1210,0.0251911200148257
1224,0.0251911200148257
1225,0.0251911200148257
1230,0.00927072516435033
1234,0.00433075481980864
1254,0.0105362334108207
1266,0.0159908226220528
1327,0.0233995716290236
1356,0.0265431987532816
1380,0.00502576886506119
1382,0.0270221023277227
1388,0.0251911200148257
1397,0.0173230418843695
1408,0.0109862051816892
1410,0.0227393370769381
1429,0.0251911200148257
1439,0.0218920938275532
1440,0.00924945437742011
1468,0.0251911200148257
1496,0.0251911200148257
1533,0.0209699861798218
1554,0.0251911200148257
1559,0.0227982235635968
1562,0.0251911200148257
1585,0.0252278837044955
1598,0.0207854815980813
1602,0.0159559607167007
1613,0.0142989133793051
1632,0.0193678083667533
1633,0.0106347249199916
1634,0.0344179264518911
1635,0.0197019397476051
1650,0.0251911200148257
1659,0.013113860197122
1678,0.00109122858236266
1682,0.0217875987489097
1686,0.0251911200148257
1689,0.0251911200148257
1690,0.000410870484618341
1704,0.023481594315938
1706,0.0231661530809547
1712,0.0242733274234775
1722,0.0278610639728153
1728,0.0118005143924075
1743,0.0147376021453403
1745,0.0251911200148257
1773,0.0154874526299541
1783,0.0239097731979157
1794,0.00679953595068135
1820,0.0251911200148257
1823,0.0219934614666232
1837,0.0121109832263414
1860,0.012129225215791
1864,0.0251911200148257
1891,0.0318223703730915
1913,0.017945686715632
1919,0.0201924060102566
1920,0.0234836444324003
1926,0.0251911200148257
1951,0.0268375491074433
1968,0.019184891032918
1974,0.0171036628762567
1976,0.0131236870500994
1979,0.0231493289096308
1988,0.0175221322416056
1995,0.00906225179832306
2044,0.0153193323859478
2049,0.0192746872962109
2061,0.0245852109076972
2073,0.0251911200148257
2080,0.0200524363552698
2086,0.0156710950402685
2100,0.0251911200148257
2101,0.0206759182186001
2111,0.0110093901987452
2124,0.0157827843291071
2136,0.00321050601181801
2150,0.0242435964978067
2154,0.0165919179430897
2184,0.0251911200148257
2220,0.00538388995514586
2222,0.0324703842997443
2230,0.0251911200148257
2240,0.0251911200148257
2259,0.0104236012393748
2269,0.0251911200148257
2271,0.0278319349460415
2282,0.0251911200148257
2285,0.0542321850332832
2290,0.0270914569324324
2295,0.0218073076063064
2312,0.0282714885237257
2316,0.0251911200148257
2342,0.0202347902224943
2352,0.0172752858187115
2390,0.0263291936123594
2403,0.0117051292234101
2435,0.0251911200148257
2436,0.0251911200148257
2444,0.0301773347940294
2448,0.0151440422563853
2490,0.0251911200148257
2497,0.0238833490387631
2504,0.0683125750943862
2536,0.0251911200148257
2538,0.0202893629968876
2555,0.0251911200148257
2556,0.0251911200148257
2573,0.0284220112586008
2574,0.00701017584178555
2577,0.0225351584054575
2578,0.0251911200148257
2581,0.0238291016682862
2593,0.014631187108191
2595,0.0277660184366679
2596,0.0110878067883591
2615,0.0251911200148257
2628,0.0120772137143568
2663,0.0226475060757467
2710,0.0251911200148257
2751,0.0599964595530939
2771,0.0140971013212212
2787,0.0183290210093286
2802,0.0251911200148257
2807,0.0251911200148257
2811,0.0195876453468237
2812,0.0234193123807702
2817,0.0297235650412101
2818,0.0251911200148257
2820,0.0251911200148257
2829,0.0262115858573196
2859,0.0122201787087273
2870,0.0130029425406356
2884,0.0102546352675424
2888,0.0120928963872133
2911,0.0251911200148257
2938,0.0251911200148257
2940,0.012426895619289
2942,0.0205192234115689
2953,0.0188923816326438
2960,0.0151374938559599
2986,0.0119842151734474
2991,0.000137985351657485
2999,0.013678905319685
3007,0.0206025470309595
3026,0.0115331893066173
3028,0.00992047359275165
3031,0.0324378675308457
3036,0.0275318010373771
3039,0.0251911200148257
3062,0.0251911200148257
3093,0.0174304144560933
3105,0.0251911200148257
3107,0.00915403511804652
3121,0.0256473901689975
3129,0.0255526220904077
3138,0.0174194987922521
3144,0.0104186375064518
3153,0.0121280448480151
3157,0.0142684679773141
3158,0.0208002184310348
3170,0.0136896155703214
3184,0.0251911200148257
3198,0.0251911200148257
3203,0.0214834321167944
3218,0.0251911200148257
3226,0.0165594345485869
3246,0.0232439844982692
3270,0.0251911200148257
3275,0.0196390593710295
3278,0.0260397806580222
3310,0.0251911200148257
3336,0.0251911200148257
3342,0.0243613823757698
3358,0.0153216538647418
3362,0.0251911200148257
3369,0.0273873795865263
3392,0.0251911200148257
3394,0.014768975918864
3399,0.0295511653482143
3416,0.016999036071098
3424,3.70893080350223e-05
3439,0.019457273636484
3465,0.0102969906259413
3469,0.0199766388725353
3502,0.0222817322445689
3504,0.0088609968318173
3505,0.0080030189024847
3532,0.0173078250175969
3556,0.0185735488423106
3570,0.0180673585335603
3580,0.017205598597836
3594,0.0233536598816898
3607,0.021742350800262
3612,0.0266154509127063
3619,0.0305343305304716
3622,0.0251911200148257
3639,0.0170281864297821
3647,0.0251911200148257
3650,0.0133341667541888
3662,0.013207662922637
3708,0.024403503881881
3734,0.0262365456296742
3735,0.019883382271199
3761,0.0333458252798136
3785,0.0251911200148257
3801,0.0251911200148257
3806,0.0136364928082876
3807,0.0187128756512174
3813,0.0251911200148257
3814,0.0169000960365047
3851,0.0382944718489429
3855,0.0135915121522333
3863,0.026621266577084
3897,0.00706577053478366
3905,0.0156712706832456
3908,0.0251911200148257
3937,0.0251911200148257
3946,0.0202197718467072
3962,0.0234519074505006
3964,0.0251911200148257
3969,0.0199895900216809
3980,0.0196173397794727
4001,0.0238784134981408
4016,0.0251911200148257
4029,0.0110554335661735
4036,0.0202760966234798
4040,0.0252080087279161
4052,0.0233534732066177
4058,0.0152147638555849
4060,0.0652469795457996
4066,0.0342003374607943
4087,0.0275569680849934
4090,0.0251911200148257
4091,0.0134119701709638
4093,0.0132025508991598
4094,0.0557092126597686
4108,0.00847922378954741
4124,0.0265314976942989
4127,0.0225669857643442
4128,0.0283113379899573
4130,0.0251911200148257
4145,0.02083103974008
4156,0.024392242159271
4186,0.0195582150007084
4213,0.0213743151654608
4225,0.0251911200148257
4241,0.0129147185289049
4274,0.0251911200148257
4275,0.0242417101865667
4321,0.0211142838212761
4322,0.0251911200148257
4331,0.0141224903233403
4340,0.0279011627736843
4383,0.0114115541944502
4390,0.0251911200148257
4415,0.0251911200148257
4418,0.0270348472296198
4423,0.0208719212029729
4430,0.0121695236488879
4448,0.0232842950392157
4450,0.0184807319811882
4460,0.006891575876377
4462,0.00860446184706769
4467,0.0251911200148257
4476,0.0251911200148257
4494,0.0196502647127073
4497,0.0214503438951224
4498,0.0210375919673492
4503,2.08273931024366e-05
4510,0.0158417716506759
4517,0.00761284171281111
4560,0.0191052436461111
4579,0.0212128363158415
4598,0.0251911200148257
4600,0.0229590305697475
4608,0.0273265607502841
4611,0.0251911200148257
4622,0.022591687418021
4632,0.027169767247032
4645,0.0223186673769079
4759,0.0195012261098047
4771,0.0158140272382283
4799,0.0251911200148257
4807,0.0251911200148257
4809,0.0204328154121555
4818,0.0175958374444645
4826,0.035605831882881
4843,0.0251911200148257
4844,0.0168473160407754
4860,0.0130898601494679
4881,0.0159152886815228
4900,0.0251911200148257
4903,0.0251911200148257
4911,0.0251911200148257
4926,0.0187195241981358
4936,0.0129354150430188
4988,0.0199168316928005
4990,0.0251911200148257
5018,0.0322032524976368
5045,0.0251911200148257
5050,0.0338435489994241
5071,0.0251911200148257
5087,0.00839102061987703
5116,0.0228317364606312
5125,0.0168626135772729
5165,0.0251911200148257
5179,0.0186006005839705
5210,0.0251911200148257
5218,0.0295330651419379
5229,0.0131202791407205
5234,0.0348703829476875
5237,0.0183981518723725
5250,0.0288051567920882
5252,0.0248731392164552
5254,0.0251911200148257
5256,0.0095327840754802
5284,0.0218522074912728
5288,0.0251911200148257
5327,0.0306884235154425
5338,0.0114947251342007
5379,0.00783810561431354
5439,0.0144571391004367
5442,0.00689256157501605
5479,0.0251911200148257
5492,0.0166614537370751
5496,0.0171712094592637
5518,0.0235774210754797
5520,0.0263263831071443
5523,0.0187349998150362
5525,0.0251911200148257
5530,0.0251911200148257
5539,0.0301213379722261
5559,0.0178340163564268
5560,0.0276843566300752
5568,0.0251911200148257
5572,0.0251911200148257
5581,0.0103182710338301
5597,0.0216264671852697
5606,0.0723969360376472
5608,0.0213843150000599
5621,0.0251911200148257
5639,0.0222924958061696
5667,0.0189215483406877
5671,0.0192509470628397
5680,0.0251911200148257
5690,0.0222889802404136
5697,0.0310426048419731
5709,0.0153124494933662
5723,0.0200434581709162
5742,0.021991996277812
5764,0.0132820359697519
5783,0.0215650058353593
5788,0.0174136582103758
5791,0.0200109199708515
5792,0.0274154132077608
5811,0.0251911200148257
5831,0.0243494521743423
5860,0.0155544037227446
5862,0.0157042036917151
5870,0.00901820719249002
5878,0.0162944775619009
5888,0.0274609634877593
5899,0.0251911200148257
5902,0.0298110614507627
5914,0.0251911200148257
5918,0.0143376225185615
5932,0.0251911200148257
5978,0.0175716333729492
5987,0.0196816683977077
6003,0.0251911200148257
6008,0.00153344300303372
6013,0.0312951727120737
6021,0.0251911200148257
6025,0.0246372844858869
6034,0.0239711878624273
6066,0.00832003043546532
6078,0.0186769242198932
6081,0.059107600211624
6097,0.0275550647444684
6104,0.0224111947364721
6109,0.0173086233301578
6110,0.0262742542108894
6115,0.00847790963827488
6116,0.0111400839398234
6125,0.0251911200148257
6130,0.0388907784724235
6136,0.03234756948197
6178,0.0251911200148257
6185,0.0251911200148257
6194,0.0193675307242002
6196,0.0133525436789872
6216,0.0168847087291008
6223,0.0200363059304549
6266,0.002610769665112
6268,0.0292004776169879
6304,0.020758646858386
6307,0.0251911200148257
6311,0.022165075896964
6315,0.0251911200148257
6326,0.018712949118578
6331,0.0264217578499378
6334,0.0116692907406057
6335,0.0115921052792565
6338,0.0116694361125111
6349,0.0251911200148257
6357,0.0138624831010164
6375,0.0220344248359542
6379,0.0189505714928604
6386,0.0170450675659176
6410,0.0251911200148257
6416,0.0229603403197879
6424,0.0251911200148257
6433,0.0209571197711599
6435,0.0154225894243129
6461,0.0130458385446169
6497,0.0280250801193317
6502,0.0251911200148257
6527,0.0234578540617369
6528,0.020987889318897
6529,0.035148446801505
6532,0.0352557641532668
6543,0.0251911200148257
6547,0.012003242932287
6565,0.0190710007030151
6573,0.0154243715174158
6574,0.0184499765591768
6617,0.0163402662942512
6639,0.0236354978461874
6649,0.0211826700930956
6682,0.0104876236154257
6694,0.0251911200148257
6730,0.00854686040833888
6733,0.0251911200148257
6737,0.0116345341271555
6768,0.0317750919253614
6774,0.030362012646804
6821,0.0205707986699209
6831,0.0200852461168687
6836,0.0162715239508916
6839,0.0286146705190353
6845,0.021172216631891
6848,0.0220220161570579
6900,0.0205956874566483
6932,0.0118891451850805
6936,0.0282072304604942
6994,0.028198913982154
6995,0.0234311709684335
7017,0.00991966628058674
7022,0.0251911200148257
7085,0.0323700871801195
7092,0.0295366081224532
7107,0.0251911200148257
7124,0.0275227109323385
7146,0.0198661201736735
7152,0.0212299133061139
7154,0.00544564790357999
7163,0.0215620588484702
7171,0.0251911200148257
7183,0.0382372719617911
7185,0.0197508095017783
7186,0.0488352006633316
7192,0.0251911200148257
7205,0.0251911200148257
7232,0.0251911200148257
7241,0.0365489998584497
7251,0.0251911200148257
7257,0.0115134102172324
7260,0.0176451876928741
7275,0.0251911200148257
7281,0.0251911200148257
7291,0.0251911200148257
7295,0.0306864274083569
7300,0.0120941099567982
7302,0.0251911200148257
7309,0.0251911200148257
7316,0.0251911200148257
7331,0.0270065914527184
7343,0.0184773194514569
7344,0.0251911200148257
7346,0.0247145310261553
7350,0.0251911200148257
7368,0.015561869992136
7389,0.0251911200148257
7401,0.0251911200148257
7420,0.0194043325576858
7422,0.0213295217564642
7435,0.00840525274216265
7437,0.0101043463876163
7481,0.0236135887563769
7486,0.0251911200148257
7506,0.0201956707260406
7512,0.0251911200148257
7526,0.0267858024701082
7549,0.0135635673172899
7566,0.0251911200148257
7575,0.0251911200148257
7576,0.0251911200148257
7585,0.0468885648646918
7589,0.0251911200148257
7590,0.0251911200148257
7620,0.00617226155422109
7636,0.0239319171521203
7648,0.0260188875857881
7658,0.0230691271398636
7662,0.0251911200148257
7682,0.021966065634079
7685,0.0287769581323304
7691,0.01085221021486
7694,0.0312850621998359
7696,0.0251911200148257
7733,0.0122354775290862
7741,0.00990008617758388
7750,0.0241878128649857
7759,0.0316034912651392
7762,0.00557403235499287
7781,0.0251911200148257
7799,0.0243344727559107
7824,0.0145004472563792
7841,0.0251911200148257
7849,0.0147260865211864
7863,0.0251911200148257
7866,0.0228504350993074
7875,0.0272646163765669
7881,0.00585111425756809
7882,0.0237256231127586
7883,0.0238007251230457
7906,0.0251911200148257
7911,0.0189402179933179
7912,0.0068022216909382
7920,0.0251911200148257
7921,0.0178735267152124
7922,0.0251911200148257
7923,0.00586799386417005
7938,0.00534372196813566
7951,0.0251911200148257
7965,0.0251911200148257
7974,0.0151178713102915
7977,0.0142055222207574
7978,0.0251911200148257
7985,0.00746414773495316
7991,0.0188540185306641
7993,0.0107946151811006
7994,0.0251911200148257
7995,0.0251911200148257
8001,0.0116962184698052
8030,0.0202596019983228
8054,0.0251911200148257
8068,0.00176340267966866
8073,0.0261529902624525
8079,0.0121366411775499
8087,0.0251911200148257
8092,0.0251911200148257
8101,0.0281905038677966
8102,0.0251911200148257
8105,0.0180684720091884
8113,0.010791867393408
8123,0.0202570023411858
8133,0.0143885181976336
8176,0.0271878542286215
8199,0.0149984053114001
8210,0.00391979954041098
8213,0.0211791308973644
8214,0.0111668021283682
8215,0.0224725078660347
8219,0.0251911200148257
8229,0.0222369209858207
8247,0.0167147801245107
8264,0.00863414568913398
8266,0.0251911200148257
8272,0.00758935443159614
8290,0.0251911200148257
8304,0.0198533395588472
8326,0.0251911200148257
8333,0.0179320330791393
8334,0.0279714206854017
8336,0.0251911200148257
8348,0.0251911200148257
8350,0.0260085647428527
8357,0.0231708829218835
8358,0.0135440706876259
8386,0.0272117842668728
8387,0.031112829405195
8402,0.0251911200148257
8423,0.027191739661991
8440,0.0133523501220417
8446,0.0251911200148257
8455,0.0163231524946113
8475,0.0251911200148257
8479,0.0137233423007748
8486,0.0117377039413626
8512,0.0108419090112085
8515,0.00963694558303432
8530,0.0420369243579925
8539,0.00754354035474491
8542,0.0149830479240224
8543,0.0154113928461357
8549,0.00425429425758628
8551,0.0251911200148257
8577,0.0159131146100608
8579,0.0251911200148257
8582,0.0251911200148257
8599,0.0251911200148257
8606,0.0371104292349229
8613,0.0251911200148257
8633,0.0251911200148257
8692,0.02120776893722
8694,0.01467085114853
8699,0.0135696693213757
8717,0.0251911200148257
8762,0.0149574676571161
8809,0.0251911200148257
8810,0.0107637149087355
8815,0.0251911200148257
8818,0.0251911200148257
8826,0.018638656286675
8832,0.0251911200148257
8838,0.0267802968306921
8850,0.016752467780551
8858,0.0251911200148257
8864,0.0212782192150896
8867,0.0251911200148257
8873,0.019564981343728
8892,0.0266837071522958
8901,0.0255783335038797
8902,0.0251911200148257
8947,0.0141546474554662
8958,0.0251911200148257
8972,0.0175932624159536
9016,0.00948294326872701
9023,0.0175268839877077
9063,0.0192632559894678
9125,0.0251911200148257
9154,0.0251911200148257
9155,0.0251911200148257
9171,0.0133617914931209
9173,0.0175119359977008
9203,0.0215970475570326
9216,0.0142547393285887
9225,0.029992103761771
9248,0.0251911200148257
9258,0.00943010458508685
9284,0.0152235527759871
9289,0.0288593105031074
9299,0.0111189417691419
9324,0.0137809276332769
9325,0.0219755427839302
9359,0.0218652314277978
9411,0.0289366505756935
9445,0.00965842912844062
9466,0.0251911200148257
9472,0.0169940010203275
9481,0.0251911200148257
9490,0.0251911200148257
9521,0.0251911200148257
9538,8.34526203346881e-23
9551,0.0251911200148257
9555,0.0187069657563346
9590,0.0272474326356414
9599,0.0251911200148257
9611,0.0208793145840738
9613,0.0251911200148257
9619,0.0192534430363219
9664,0.0203460997416383
9667,0.0174090044655499
9693,0.0251911200148257
9698,0.0201269498641701
9699,0.0155284760870395
9715,0.0263587504808085
9761,0.0251911200148257
9771,0.0155467566475757
9774,0.0251911200148257
9777,0.0251911200148257
9778,0.0140809943807861
9799,0.0251911200148257
9815,0.0179921045871192
9831,0.0137982628279044
9835,0.0218358519463086
9846,0.00892899552653354
9849,0.0131406452621878
9860,0.0251911200148257
9867,0.012650047469606
9882,0.0181046775128711
9899,0.0229349173325826
9902,0.0251911200148257
9904,0.0159205887207307
9906,0.0251911200148257
9916,0.0216764388201422
9919,0.0235106631854766
9921,0.0232586330862779
9922,0.0230629234469189
9954,0.0301777128130888
9969,0.0333798466942477
9999,0.0251911200148257
10000,0.0219623688990013
10005,0.0288774640201379
10008,0.0169838327841248
10016,0.0106814952111513
10030,0.0153266800802022
10056,0.0093825681759102
10115,0.0149465069422694
10124,0.0236882701992017
10156,0.0174203600591161
10190,0.0251911200148257
10195,0.0173586313252307
10198,0.0214860977972636
10200,0.0251911200148257
10213,0.0247572891763768
10215,0.0251911200148257
10221,0.01275090819204
10236,0.0201686436442429
10247,0.0254502761847055
10277,0.0170146366366947
10286,0.0258144875770333
10297,0.0339721397881024
10305,0.0251911200148257
10332,0.0234096897216486
10349,0.0251911200148257
10353,0.0251911200148257
10364,0.0256778824163959
10374,0.0327742187500426
10380,0.0224114593999858
10386,0.0136005364890104
10390,0.0174952731651018
10405,0.0146610059037758
10407,0.00761805472008372
10411,0.00898284976704251
10420,0.0259190906996819
10441,0.0204379324372337
10443,0.030255079583531
10447,0.0251911200148257
10453,0.0240731895704572
10466,0.0169766190677375
10498,0.0251911200148257
10499,0.0103986141272543
10507,0.0251911200148257
10508,0.0251911200148257
10509,0.0251911200148257
10530,0.0123320630799112
10540,0.012431397075374
10549,0.0180889353006903
10550,0.0226586263921549
10565,0.0251911200148257
10567,0.00964178470360238
10581,0.0149083041231691
10598,0.0316861766486277
10609,0.0183007170190296
10618,0.0222489554782857
10619,0.0251911200148257
10631,0.0251227191908274
10639,0.0251911200148257
10658,0.0251911200148257
10678,0.0251911200148257
10685,0.0251911200148257
10692,0.0251911200148257
10734,0.0251911200148257
10740,0.023063513335786
10757,0.0116121657286893
10777,0.0219646102936597
10789,0.0269593149290193
10791,0.0251911200148257
10793,0.0208806411222949
10795,0.0384856416691104
10801,0.0149495765311751
10813,0.00809061952625301
10816,0.02524161633207
10839,0.0245352948482802
10840,0.00892530431951069
10857,0.0251911200148257
10860,0.00850997241335394
10867,0.00284556905189381
10877,0.00790280952908452
10884,0.0175973619719596
10902,0.0260301021058402
10905,0.0130568470503034
10920,0.00962041251287528
10930,0.0251911200148257
10938,0.0231957407528177
10981,0.0110729670390343
10982,0.0251911200148257
10983,0.0198344826715757
10984,0.068046154611448
10991,0.0258920042655139
10994,0.0251911200148257
10999,0.0143872290531349
11012,0.0144600720485328
11017,0.0251911200148257
11027,0.0251911200148257
11032,0.0144486985876441
11051,0.018994594143086
11060,0.00909199353451655
11065,0.0135392249847422
11094,0.00931248727359721
11096,0.0170698853220663
11115,0.0190863867540272
11124,0.0152396923448927
11161,0.022112495519569
11169,0.0251911200148257
11178,0.0164920731505664
11185,0.0251911200148257
11191,0.020996748558096
11228,0.0117936329760288
11234,0.0216419292508951
11259,0.0251911200148257
11264,0.0176970496802989
11286,0.0251911200148257
11291,0.0233771762994762
11296,0.012376223486082
11300,4.29930492364599e-07
11302,0.0249509377382064
11304,0.013254147704757
11313,0.0148501167752591
11315,0.0233525667687646
11343,0.0114049621653437
11361,0.0290200563859791
11372,0.0176905438084278
11376,0.015005745681473
11399,0.0129839852401054
11440,0.0438788302741998
11446,0.0153080269288566
11455,0.0167547799825116
11462,0.0307437678926719
11465,0.00611317445200165
11499,0.0251911200148257
11506,0.0148037965392256
11509,0.0184589209217414
11511,0.0251911200148257
11535,0.0174138806100761
11537,0.0266039289205911
11538,0.0199930700641325
11550,0.00869884347165356
11555,0.00812647489216996
11566,0.0199492611373018
11580,0.0217208019250972
11584,0.0251911200148257
11600,0.0251911200148257
11636,0.0414970002368323
11644,0.0229338717978311
11649,0.0307354854190506
11657,0.0160321490985366
11669,0.0233847454031423
11672,0.0251911200148257
11694,0.0248502631297008
11721,0.0175891500803653
11748,0.0213265340054399
11796,0.0203020594063124
11805,0.0310684289839889
11811,0.0220347072211011
11872,0.0196421159401189
11903,0.0202195298630872
11923,0.00774470329617971
11929,0.0271188887436672
11930,0.028049421850957
11976,0.0251911200148257
12053,0.0267611941092406
12065,0.0251911200148257
12075,0.0242415750854311
12088,0.0251911200148257
12091,0.023515832136618
12096,0.0255896109239518
12141,0.00105891824325864
12142,0.0251911200148257
12144,0.0251911200148257
12171,0.0251911200148257
12181,0.0251911200148257
12189,0.0292680168088241
12206,0.0256278749374064
12210,0.0251911200148257
12215,0.0251139309247382
12216,0.0262105432859835
12234,0.0251911200148257
12236,0.0251911200148257
12250,0.0205193383576583
12252,0.0317403438215932
12262,0.0137295758763867
12266,0.0199936500341867
12304,0.0292916489440934
12312,0.0251911200148257
12338,0.0241821638904245
12377,0.0310151578843631
12379,0.0251911200148257
12389,0.0243100086067012
12392,0.0114303869445044
12403,0.0251911200148257
12421,0.0251911200148257
12428,0.0126683590097969
12433,0.0256886972032021
12441,0.0331803348964823
12445,0.0137228410752187
12458,0.0261293725130166
12471,0.0224560220092305
12478,0.0237935686115853
12482,0.0297478034028094
12485,0.060541583685736
12540,0.0255346660010096
12545,0.0235614105063923
12559,0.017162478940321
12568,0.00619935529676841
12575,0.0251911200148257
12576,0.0248167106331011
12578,0.0288493481654832
12581,0.0305717320714677
12589,0.0246543198161708
12593,0.0251911200148257
12597,0.0251911200148257
12598,0.0164528699673763
12621,0.0316511138971577
12625,0.0174952473964359
12635,0.0208967343394913
12658,0.0251911200148257
12669,0.0233310580575178
12684,0.0251911200148257
12691,0.0262158070429502
12711,0.0314994318650547
12713,0.0251911200148257
12719,0.0260672796395969
12722,0.0251911200148257
12731,0.0251911200148257
12734,0.0251911200148257
12744,0.0251911200148257
12788,0.0188476743683573
12789,0.030719451379166
12791,0.0251911200148257
12796,0.0209972605741432
12801,0.0251911200148257
12804,0.027908021842548
12815,0.0251911200148257
12818,0.029288182106684
12825,0.0153297927461673
12828,0.0251911200148257
12840,0.0252548252437991
12850,0.0144781092936249
12868,0.0266464434117349
12874,0.032242417487341
12879,0.0251911200148257
12884,0.0251911200148257
12886,0.043474203609573
12895,0.0187313807341307
12915,0.0261089483591253
12926,0.00516251331381482
12942,0.0251911200148257
12945,0.0173199007335982
12950,0.0251911200148257
12964,0.0215128974281472
12972,0.0153857541153965
12992,0.0287052413417392
12994,0.01942809981619
13003,0.0175837928704692
13011,0.0251911200148257
13013,0.0261048626724093
13032,0.012134171804338
13071,0.0292990005894412
13092,0.019738175898366
13128,0.0203664839062017
13174,0.0276192332321225
13176,0.0251911200148257
13184,0.0304794608779369
13200,0.022240220474377
13235,0.0252257384403585
13239,0.0251911200148257
13245,0.0251911200148257
13251,0.0251911200148257
13288,0.0276278110838905
13316,0.0251911200148257
13323,0.0102970453803133
13353,0.0251911200148257
13354,0.0251911200148257
13375,0.0220919756553807
13381,0.0251911200148257
13406,0.0224336599476406
13421,0.0298516094788933
13424,0.0251911200148257
13427,0.0251911200148257
13428,0.0251911200148257
13431,0.0117246383533494
13440,0.0327625784459246
13480,0.0284574066835835
13484,0.0251911200148257
13498,0.00713241322019892
13505,0.029723309049854
13526,0.0136027423225356
13531,0.0251911200148257
13550,0.0251911200148257
13570,0.0148195606136154
13582,0.0251911200148257
13599,0.0218383508324698
13619,0.0251911200148257
13623,0.0146327565251573
13630,0.023087758112389
13634,0.0251911200148257
13646,0.0251911200148257
13657,0.028763125053534
13700,0.0188980397062328
13704,0.0251911200148257
13710,0.0144388738232059
13714,0.0261209657661266
13733,0.0278812166937661
13765,0.025762015413239
13782,0.0251911200148257
13789,0.0149517048575479
13794,0.029696778158476
13800,0.017427710588442
13824,0.0253406105671788
13831,0.0251911200148257
13839,0.0243461724135166
13906,0.0197076723533025
13913,0.0251911200148257
13940,0.0251911200148257
13962,0.0250093080379662
13963,0.0287521732523489
13990,0.0155715711090269
14027,0.0107194652211361
14084,0.0177908079059477
14108,0.0286457403870045
14112,0.0251911200148257
14113,0.0251911200148257
14150,0.0251911200148257
14163,0.023178895493832
14169,0.0215082145426818
14170,0.02685650017042
14182,0.0183507574761787
14225,0.0195134392461963
14252,0.0251911200148257
14256,0.0203947120985432
14282,0.0196706119023612
14304,0.027098965173443
14309,0.02787315133429
14311,0.0214779735542749
14324,0.020859630296035
14359,0.00813193502016961
14369,0.00784534727059784
14370,0.0177559268669271
14412,0.0173019139796865
14417,0.0251911200148257
14418,0.0267487123023266
14451,0.0251911200148257
14477,0.0188633313883028
14489,0.0251911200148257
14503,0.0154814125396179
14535,0.0188252998444895
14561,0.0185572475370699
14580,0.0251911200148257
14581,0.0352456959241919
14590,0.00219492080077822
14597,0.0480634539961257
14603,0.0251911200148257
14616,0.0151493993501284
14623,0.0173897594922038
14624,0.0308685914054664
14650,0.0251911200148257
14653,0.0251911200148257
14793,0.0168786987247795
14794,0.0222923510986342
14891,0.0242661390572984
14895,0.0251911200148257
14898,0.0247871957160844
14912,0.0251911200148257
14913,0.0251911200148257
14934,0.00375206073156591
14954,0.0158626007642116
14957,0.0251911200148257
14960,0.0138072876664846
14983,0.0251911200148257
14985,0.0251911200148257
15027,0.0173095908818319
15060,0.0246576946065815
15077,0.0251911200148257
15087,0.0257413651523109
15092,0.0184192271788554
15171,0.0251911200148257
15178,0.0251911200148257
15247,0.0272163680278722
15252,0.0257859152575296
15267,0.018065554433076
15274,0.0171723709662627
15283,0.0251911200148257
15292,0.0251911200148257
15293,0.026675120436581
15331,0.0269071900486467
15337,0.0251911200148257
15343,0.01493387835978
15347,0.0279728034823765
15414,0.0169140080772779
15448,0.0251911200148257
15459,0.0190865652044622
15521,0.0251911200148257
15708,0.0176171547973471
15709,0.0175332733323852
15855,0.0251911200148257
16188,0.0210835422013804
16401,0.0251911200148257
16453,0.0251911200148257
16456,0.0201219269879422
16476,0.0251911200148257
16477,0.00749671585537975
16478,0.0070518862962471
16480,0.0251911200148257
16531,0.0331970615115034
16597,0.0272665278252643
16650,0.0128362224329301
16710,0.0251130334839382
16721,0.0251911200148257
17101,0.0290702565766248
17196,0.0251911200148257
17199,0.0251911200148257
17239,0.0113489539530894
17341,0.0143096551863947
17890,0.0220882038837324
18364,0.0145574220390465
18560,0.02516486458297
18576,0.0251911200148257
18654,0.0178391613880739
18699,0.0310397020510373
19129,0.0225705176846772
19209,0.0227714041600787
19305,0.00837078112497971
19398,0.0264180977893339
19402,0.0251911200148257
19431,0.0251911200148257
19433,0.021903516945642
19622,0.0251911200148257
19911,0.0273148581952133
19951,0.0251911200148257
19965,0.010997526576798
20036,0.0251911200148257
20180,0.0251911200148257
20185,0.0189766154531535
20217,0.0275058000854049
20245,0.0287936043505275
20338,0.0233534474878541
20423,0.0251911200148257
20548,0.0129981007215074
20570,0.033785380022051
20653,0.0170754042488678
20747,0.0210905461056593
20779,0.0445387156452597
20904,0.0293343484372231
21116,0.0251911200148257
21118,0.0524992856772663
21132,0.0251911200148257
21136,0.0251911200148257
21186,0.0242373452042948
21232,0.035893611661529
21237,0.0235418277579023
21238,0.0250517914486352
21429,0.0153913934773387
21440,0.0240822054307888
21487,0.0197034596586938
21496,0.02026772518559
21542,0.022151688211971
21563,0.0251911200148257
21663,0.0251911200148257
21677,0.0251911200148257
21743,0.0251911200148257
21776,0.0319773823722684
21777,0.0206700851383661
21792,0.0251911200148257
21828,0.0251911200148257
22008,0.0267263669737593
22053,0.0121471471280149
22144,0.0235971687895437
22199,0.0251911200148257
22205,0.0234008770735598
22207,0.0243809944727623
22260,0.0251911200148257
22325,0.0251911200148257
22373,0.0402353207181801
22447,0.0256093690054242
22461,0.0251911200148257
22542,0.0418186373602397
22543,0.024942846550032
22612,0.0251911200148257
22632,0.0249278629573255
22633,0.0251911200148257
22650,0.0289396209850263
22729,0.0294133540508239
22761,0.0251911200148257
22772,0.0251911200148257
22797,0.0251911200148257
22815,0.028695464454359
22817,0.0280085594982901
22829,0.0196738560026801
22949,0.0251911200148257
22962,0.0251911200148257
23002,0.0122120848344947
23027,0.0184330541485446
23062,0.0269478266234422
23084,0.0175151054849457
23195,0.0235794608769151
23220,0.0251911200148257
23224,0.0150960233705769
23226,0.0408109074030215
23252,0.0199471273517391
23291,0.0397486817074928
23485,0.0209264487282398
23535,0.0251911200148257
23570,0.0251911200148257
23577,0.025190433052857
23587,0.013696547064502
23591,0.0251911200148257
23616,0.0251911200148257
23623,0.0251911200148257
23697,0.0241729360860501
23714,0.0156679973919325
23753,0.0185963651926399
23767,0.0270713279221483
23790,0.0251911200148257
23809,0.0404851301866954
23810,0.0329135535781074
23812,0.0224313670611004
23852,0.0249638176826324
23898,0.0268620110834807
23943,0.0385280463219523
23978,0.0171667850043143
24005,0.0248832683348083
24021,0.0251911200148257
24032,0.0208353194062323
24040,0.0279059966220476
24099,0.0208869487723441
24113,0.0141497277550024
24157,0.0207748444907829
24171,0.0251911200148257
24197,0.020550615686961
24204,0.0295830815726291
24216,0.0222195763132069
24234,0.0251911200148257
24291,0.0234790583548087
24293,0.00580309901129758
24304,0.0240899446858203
24316,0.0218189559859675
24344,0.034828073650817
24350,0.0251911200148257
24352,0.0211833533983334
24378,0.0396100850911256
24396,0.0204674372067213
24405,0.0201253118268241
24428,0.0235118479404114
24430,0.020536280314103
24436,0.0251911200148257
24463,0.0251911200148257
24468,0.0106877737451089
24475,0.0251911200148257
24483,0.0251911200148257
24538,0.0225682987802219
24539,0.0188106703779077
24610,0.0263437707740201
24617,0.0164163949484087
24658,0.0251911200148257
24660,0.0257500971666881
24670,0.0251911200148257
24708,0.0150618134491428
24720,0.0267223911963015
24755,0.0156514172023678
24781,0.0251911200148257
24783,0.0222731251125127
24795,0.0251911200148257
24797,0.0251911200148257
24800,0.0140363652631135
24803,0.0251911200148257
24810,0.0123167172629784
24837,0.0249875945912781
24842,0.0251911200148257
24843,0.0255920938991067
24844,0.0275506868642522
24853,0.0284031304333445
24856,0.0122436853590903
24878,0.0465473405842446
24888,0.0251911200148257
24890,0.0333723933826277
24893,0.0179618732659739
24898,0.0286404813965192
24912,0.0266243194326899
24922,0.0235556800901732
24925,0.0160094040624099
24965,0.0192901059531415
24966,0.0251911200148257
24978,0.0235475492944744
24996,0.0379851470480215
25013,0.0251911200148257
25021,0.022511363681008
25027,0.0251911200148257
25047,0.0308706415472519
25056,0.0337597593426811
25062,0.0208376077031886
25069,0.0177905545824436
25079,0.0219758901929707
25088,0.0279239214227029
25095,0.0334757552709113
25108,0.0251911200148257
25110,0.0151351137642302
25119,0.00678920875071772
25124,0.0118917474134418
25130,0.0291274064369071
25157,0.0251911200148257
25166,0.0265402222393686
25170,0.0251911200148257
25180,0.0125185328072724
25181,0.0242890187620236
25186,0.0251911200148257
25198,0.0251911200148257
25224,0.0251911200148257
25234,0.0251911200148257
25241,0.0424238761053215
25274,0.0289287575440386
25279,0.0386234610680037
25302,0.0251911200148257
25312,0.0214400535098701
25318,0.0223568372518534
25320,0.044525360283559
25331,0.0267729222051632
25357,0.0251911200148257
25361,0.0251911200148257
25389,0.0283228654440289
25396,0.0258843001393345
25399,0.0251911200148257
25405,0.012056616772915
25406,0.020841084323955
25430,0.0301803446398683
25434,0.0213882912340075
25495,0.0146178645139059
25509,0.0166547698041138
25536,0.0217030008053401
25540,0.0251911200148257
25572,0.0156715192576597
25579,0.0198866416088204
25603,0.0251911200148257
25623,0.0251911200148257
25627,0.0109757923500028
25676,0.0238025611629603
25680,0.0251911200148257
25683,0.0251911200148257
25711,0.0387819557345017
25726,0.0259160255334753
25731,0.0307423707853433
25737,0.0184192978792661
25745,0.0214464893410028
25747,0.014992612852292
25749,0.0268574029717311
25774,0.0246963150284387
25789,0.0246200437963163
25805,0.0251911200148257
25845,0.0251911200148257
25848,0.0251911200148257
25849,0.0251911200148257
25870,0.0076487183042629
25874,0.0246798310950722
25880,0.0251911200148257
25882,0.0357318925569607
25896,0.0251911200148257
25906,0.0316356389741257
25918,0.0203192945089612
25921,0.0159834481542575
25922,0.0168224417197641
25923,0.029474152886556
25924,0.0251911200148257
25937,0.0468652820388528
25946,0.0251911200148257
25964,0.0167141979876882
25978,0.0251911200148257
25979,0.0258864513174048
25980,0.0288665287118946
26011,0.0251911200148257
26012,0.0251911200148257
26013,0.0138323889138823
26021,0.00177228162434446
26039,0.0251911200148257
26045,0.027035494910312
26061,0.0136690481630518
26069,0.022475917880964
26246,0.0251911200148257
26520,0.0251911200148257
26900,0.0254425317146429
27199,0.0254702286291392
27760,0.0397817245809814
27776,0.0187357459558268
27784,0.0251911200148257
27790,0.0141451684151868
27794,0.0159430479931345
27823,0.0264486685878813
27828,0.0173686011367985
27856,0.0251911200148257
27906,0.0267863494539009
27913,0.0337918877850718
27928,0.0237886336380032
27936,0.0200895969068619
27938,0.0251911200148257
27939,0.0251911200148257
27960,0.0143739947076243
27965,0.0251911200148257
27980,0.0183221316967491
27981,0.0251911200148257
28004,0.0251911200148257
28018,0.0251911200148257
28118,0.0163119882839023
28139,0.0242592576382203
28176,0.0152615821754063
28180,0.0123257235259895
28191,0.00745416200357927
28194,0.0240338228743883
28195,0.0273007076682616
28206,0.0257084847942891
28209,0.0218890227915071
28285,0.0251911200148257
28295,0.0219222249543497
28296,0.0132467169416006
28303,0.0251911200148257
28347,0.0298665939331333
28388,0.0251911200148257
28397,0.0210731498398413
28408,0.0280359012754081
28410,0.0186361997696935
28460,0.02523138481906
28462,0.0270473504033809
28477,0.0216361927126675
28518,0.0236050367096368
28543,0.0162277480458332
28564,0.0198341854182976
28590,0.020457420957617
28641,0.0204854271882726
28648,0.0251911200148257
28675,0.0244692467663082
28704,0.0203648186197771
28712,0.0323306702158308
28717,0.033161115512975
28742,0.0154267322243457
28749,0.0295032179826036
28762,0.0251911200148257
28775,0.035609440866779
28791,0.0257449655425965
28806,0.0232780622548914
28819,0.0268348847326611
28853,0.0291848099328671
28877,0.0238221120321878
28916,0.0251911200148257
28919,0.00959146260887313
28924,0.0251911200148257
28930,0.0278806199494825
28938,0.0214355916249278
28940,0.018669662854335
28989,0.0251911200148257
28998,0.0337010564057256
29001,0.00805968298700705
29011,0.0138528013904898
29015,0.0167408695782994
29028,0.0207517240759021
29032,0.0251911200148257
29040,0.0290586306871714
29086,0.0328386808795344
29089,0.0251911200148257
29108,0.0167389228117073
29127,0.0287394599252719
29129,0.0263227028361779
29133,0.0108311838382759
29143,0.0164952289792073
29150,0.0251911200148257
29151,0.0224758333866767
29156,0.0111841927572362
29165,0.0368987207246744
29170,0.0251911200148257
29173,0.0102710866413263
29217,0.00904011428897886
29241,0.0321356370158653
29264,0.0251911200148257
29268,0.0218241255425265
29274,0.0183051383366014
29304,0.0251911200148257
29319,0.0251911200148257
29353,0.0179492679528428
29382,0.0208333473124913
29386,0.0234760241266304
29392,0.0120911557714696
29433,0.0251911200148257
29435,0.0335142456423925
29449,0.0228651675186715
29453,0.0250760305658188
29511,0.00919983554051793
29517,0.0239756032722547
29555,0.0251911200148257
29577,0.0251911200148257
29608,0.0251911200148257
29609,0.0161180714786268
29612,0.0222090828829022
29616,0.0213420723409398
29621,0.0256846906321666
29627,0.0251911200148257
29634,0.0280794821248737
29698,0.0251911200148257
29705,0.0251911200148257
29722,0.0337958258957879
29733,0.0100306734810833
29751,0.0161879365032749
29762,0.0303576547245703
29791,0.0251911200148257
29816,0.0251911200148257
29829,0.0278564405101499
29830,0.0116807560111079
29837,0.036798186119318
29870,0.0128156874623579
29887,0.0133850362199993
29894,0.0237969944120493
29900,0.0286055294314696
29910,0.0162626525650396
29921,0.0339002902883938
29930,0.0251911200148257
29942,0.00578131601440944
29964,0.0240913960335393
29968,0.0248607006703577
30006,0.0282305786491699
30016,0.0207517222129499
30029,0.031053373005022
30032,0.0251911200148257
30059,0.0251911200148257
30098,0.0140619633071971
30137,0.0275453139260556
30138,0.0251911200148257
30161,0.0251911200148257
30169,0.0251911200148257
30175,0.0244782817253276
30205,0.0312213003547119
30219,0.0251911200148257
30220,0.0262456501285267
30234,0.0238086956461472
30255,0.0289896415753767
30259,0.0207301601910799
30260,0.0166625166583512
30276,0.0251911200148257
30310,0.0251911200148257
30398,0.0359967769433728
30443,0.0116118077920972
30477,0.0174587131553041
30540,0.0324558406893673
30558,0.0180709698960047
30576,0.0203251824950598
30612,0.0108246154479265
30614,0.0347859122562319
30618,0.0206414758529022
30641,0.0251911200148257
30649,0.0354252478446591
30651,0.0214210903788569
30662,0.0286160684367712
30666,0.0241851094450544
30671,0.00879785891788729
30701,0.0251911200148257
30710,0.0312369374595092
30714,0.0251911200148257
30797,0.0251911200148257
30847,0.0238124851242277
30870,0.0348678118993796
30877,0.0210706467168089
30899,0.027641612855942
30928,0.0251911200148257
30964,0.0251911200148257
31037,0.0105941577405651
31055,0.0251911200148257
31099,0.0207915423615791
31122,0.017676250261992
31147,0.0253195154422667
31170,0.012623887664925
31189,0.0251911200148257
31203,0.0228749414263795
31214,0.0251911200148257
31224,0.0213546660556367
31227,0.0278562133944772
31232,0.0251911200148257
31337,0.0251911200148257
31389,0.0251911200148257
31392,0.0184466122815977
31418,0.027153748793647
31419,0.0251911200148257
31453,0.0216825723522633
31477,0.0248967173805535
31488,0.0227436298745082
31524,0.0251911200148257
31560,0.0122805685592297
31564,0.0311859533753345
31567,0.0139569477105517
31607,0.02151729993935
31616,0.0271023075318092
31629,0.0220521861728067
31634,0.0251911200148257
31673,0.052957266550943
31674,0.0239116077037883
31738,0.0233989373607778
31743,0.0272224781339342
31748,0.040328181695111
31751,0.0381777119129245
31752,0.0310654993541747
31843,0.0302214081911718
31846,0.0251911200148257
31881,0.0174403324585931
31887,0.0159935988217215
60800,0.0273272788623359
60801,0.0367461717683623
60846,0.0402428234097337
60888,0.0251911200148257
60892,0.0251911200148257
60894,0.0163949574679477
60900,0.0286661413991545
60902,0.0225324438630156
60931,0.0208493180548637
60942,0.040585354124407
60972,0.0251911200148257
60979,0.0158708569305412
60992,0.0209315373512125
61028,0.0280939828530315
61068,0.0251911200148257
61069,0.0467986771368126
61077,0.0379135017686012
61122,0.00451098853250786
61153,0.0200519183348423
61155,0.00678811724142655
61179,0.0253889692359385
61181,0.0178951932736708
61192,0.0220957380021987
61236,0.0251911200148257
61273,0.0251911200148257
61285,0.0246182472198143
61321,0.0305418488469084
61325,0.0116282298182264
61338,0.0338732615340173
61350,0.028399018881102
61356,0.0251911200148257
61381,0.0251911200148257
61399,0.0246006507905478
61409,0.00868282358097639
61418,0.0195560453967499
61420,0.0258581900461078
61439,0.0324405993058946
61448,0.0317234952739566
61483,0.0178878674061038
61490,0.0396256461246396
61494,0.0143903688813348
61496,0.0251911200148257
61513,0.013484436364238
61519,0.0104469629549197
61552,0.0163483095113206
61557,0.0228012497820683
61562,0.0228146486218417
61567,0.0205638689672634
61574,0.0189793281069931
61576,0.0246290679407905
61581,0.0182422281190123
61584,0.017465281941253
61587,0.0236722683801002
61591,0.0251911200148257
61596,0.0187322970654639
61600,0.0242049903209127
61635,0.011215594163323
61646,0.0251911200148257
61655,0.0279559432226513
61656,0.0322065498644079
61662,0.0283839141049408
61673,0.0280545363358369
61676,0.0214789256157458
61685,0.0375799551059164
61709,0.0251911200148257
61712,0.0257140920046458
61726,0.0333872340722462
61732,0.0177095648675056
61735,0.0271721308966458
61745,0.0199016282968928
61763,0.0211261318291531
61766,0.0243002383215913
61811,0.0156048497863771
61839,0.0216140848603351
61880,0.0251911200148257
61900,0.0323041363321591
61903,0.0357003809552539
61925,0.0226323619426791
61971,0.0342303761005168
61984,0.023656896813624
61996,0.0235556431964075
62016,0.019906525262361
62057,0.0351465504060351
62088,0.0251911200148257
62107,0.0324732796249433
62110,0.0276222011250015
62168,0.0376272506854311
62169,0.0251911200148257
62178,0.0251911200148257
62204,0.0253923959428194
62213,0.0311546538179376
62217,0.0293992437763027
62221,0.0251911200148257
62236,0.0303916720234764
62262,0.0296855740456945
62263,0.019698505967718
62266,0.0269708679085395
62268,0.0251911200148257
62290,0.0452739493494608
62292,0.0251911200148257
62302,0.0341991245643566
62317,0.0254893971681971
62330,0.0249638959983515
62374,0.020134101655622
62378,0.020826126891872
62382,0.0285687993728925
62391,0.0214348210904104
62396,0.0240864321741051
62446,0.0251911200148257
62494,0.0311301676376801
62501,0.0188156107044734
62516,0.0176143361021599
62549,0.0228705073582286
62553,0.0250958255903188
62602,0.0306354719329585
62626,0.0253966788026047
62640,0.0108781408889378
62655,0.0273276375063036
62666,0.0251911200148257
62686,0.0127620681248688
62698,0.0251911200148257
62730,0.0219866427141353
62732,0.0203506611321927
62745,0.0250126006033006
62819,0.0251911200148257
62823,0.0163572046493872
62826,0.0220557629889593
62829,0.0251911200148257
62897,0.0185753237511934
62921,0.0363413869574421
62948,0.0197312149159234
62954,0.0346859822896805
62977,0.0334443941073921
62990,0.0299673618167633
63000,0.0178235751812651
63029,0.0251911200148257
63030,0.0370995209106814
63057,0.0251911200148257
63079,0.0251911200148257
63080,0.0241723907690238
63081,0.0251911200148257
63083,0.0348379756648674
63099,0.0231443950639368
63122,0.0251911200148257
63123,0.0125669305842538
63138,0.0183945012993433
63172,0.0220850226564968
63281,0.0262487201470965
63290,0.0320144706928156
63312,0.0251911200148257
63337,0.0152433597071995
63338,0.0176189948121062
63388,0.0251911200148257
63405,0.0319099518485471
63417,0.0253338169803632
63418,0.0251911200148257
63422,0.0207763277271715
63424,0.014794278605694
63447,0.0251911200148257
63448,0.0341979908660467
63454,0.0247565825065122
63490,0.0296137352318313
63495,0.0215110619650888
63516,0.0251911200148257
63520,0.0278884391662255
63527,0.0187847477415853
63531,0.0317953774726525
63600,0.0142428136882319
63605,0.0226770311129885
63640,0.0251911200148257
63643,0.0251911200148257
63650,0.0383184201364893
63651,0.0183308312696866
63667,0.0364834438562243
63700,0.0333347400379552
63708,0.0207553757053194
63724,0.0259847200427386
63739,0.0183893943793291
63752,0.0251911200148257
63763,0.0251911200148257
63798,0.0251911200148257
63847,0.0213640679917064
63863,0.0204964627192849
63866,0.0194392134872135
63876,0.0251911200148257
63892,0.00940243443107505
63901,0.0384224714483303
63907,0.0185240808752671
63919,0.0251865826206358
63927,0.0175607206466101
63930,0.0218326140894645
63938,0.0251911200148257
63952,0.0251911200148257
64004,0.0299843233563488
64021,0.0251911200148257
64028,0.0220512652119969
64030,0.0221540571218562
64041,0.0251911200148257
64055,0.0251911200148257
64061,0.0213579069585679
64063,0.0206491233586208
64088,0.0251911200148257
64102,0.0255859700267638
64103,0.0288742134025165
64130,0.029214402900256
64132,0.0306794987868272
64135,0.0133186162883584
64156,0.0238185557271442
64162,0.0138406131046781
64163,0.0299578866654432
64165,0.0229631048742275
64166,0.0149741945800818
64175,0.0179954184693771
64180,0.0251911200148257
64223,0.0257521154742962
64254,0.0220909205340518
64275,0.0251911200148257
64302,0.00982021070221875
64304,0.0251911200148257
64327,0.030598303512079
64334,0.0330460348347357
64341,0.0284951216106653
64344,0.0124181520436646
64346,0.0255407650558915
64356,0.0417659509786335
64389,0.0218102729928493
64408,0.0420942088804354
64410,0.0251911200148257
64480,0.0266131133883396
64511,0.0251911200148257
64550,0.0285939206274886
64568,0.0142864765972963
64595,0.0251911200148257
64620,0.0251911200148257
64626,0.0422507586332287
64641,0.0251911200148257
64645,0.0251911200148257
64668,0.0251911200148257
64745,0.0252915927461532
64768,0.0265291211168657
64848,0.0208992238083019
64851,0.034139073262193
64853,0.0251911200148257
64891,0.0251911200148257
64901,0.0165661068744144
64915,0.0314869046833638
64929,0.0496705159668627
64942,0.0252634591674641
64997,0.0246601360745238
65006,0.0193040325728767
65009,0.012854223303296
65011,0.0240171197473908
65016,0.0251911200148257
65021,0.0251911200148257
65026,0.0183464380588242
65036,0.032167301970609
65084,0.0154271721037234
65089,0.0251911200148257
65092,0.0251911200148257
65095,0.0251911200148257
65218,0.0251911200148257
65220,0.0145137470510279
65226,0.0251911200148257
65244,0.0224641887519469
65247,0.036712151738792
65270,0.0193826926282062
65280,0.0251911200148257
65286,0.0251911200148257
65308,0.0251911200148257
65342,0.0251911200148257
65343,0.0183569726501061
65374,0.0292194846375762
65376,0.0328871373525023
65399,0.0438524763743721
65406,0.0251911200148257
65413,0.0366949510000999
65417,0.0196749305617097
65421,0.0209421351163133
65430,0.0251911200148257
65459,0.0178887598578552
65491,0.0316562169430319
65552,0.0343473986453486
65554,0.0256980760841628
65587,0.0236895551988555
65590,0.0264127572223575
65607,0.0180708267673952
65630,0.0204631449621219
65643,0.0285895921549123
65671,0.0136728501912217
65675,0.0251911200148257
65676,0.0251605995848974
65692,0.0251911200148257
65702,0.0251911200148257
65706,0.0133756840534642
65718,0.00978295578417698
65732,0.0202672287957005
65739,0.0209422787021629
65765,0.0253287033043596
65771,0.0164803420615666
65772,0.0126096195321005
65812,0.0251911200148257
65831,0.0218594098133512
65850,0.0285677640218945
65872,0.0222713942607827
65896,0.0134588835284743
65899,0.0304238331279073
65904,0.0251911200148257
65905,0.0250541371059311
65921,0.0208346815479148
65930,0.0251911200148257
65937,0.0288398263531584
65944,0.0328956783031648
65967,0.0148695205855436
66016,0.0121589025080769
66023,0.0251911200148257
66029,0.0237424714175253
66032,0.0187148376752095
66059,0.0286514198552313
66065,0.0276499503080149
66073,0.0251911200148257
66100,0.0251911200148257
66149,0.0251911200148257
66228,0.0251911200148257
66246,0.0251911200148257
66268,0.0312313214308079
66290,0.0251911200148257
66321,0.0251911200148257
66360,0.0251911200148257
66366,0.0303969665492185
66368,0.0278692204062582
66371,0.0241523364182708
66379,0.0189106877494741
66393,0.0268534664072756
66438,0.0253586276537027
66446,0.0182366644433209
66448,0.0251911200148257
66457,0.0251911200148257
66496,0.0195275592647715
66544,0.0251911200148257
66586,0.0234333790260871
66588,0.0206571670465341
66591,0.0251911200148257
66602,0.021894093377682
66610,0.0262635195749918
66630,0.0428397498409397
66683,0.0251911200148257
66686,0.029724800228019
66697,0.0490266286333343
66708,0.0218734358669927
105346,0.0251911200148257
105364,0.0251911200148257
105936,0.0110783802958058
105999,0.0251911200148257
106100,0.0251911200148257
106254,0.0251911200148257
106261,0.0251911200148257
106272,0.0251911200148257
106418,0.0245207634572954
106687,0.0251911200148257
106989,0.0251911200148257
107446,0.0295142911820507
108348,0.0251911200148257
108645,0.017421422701538
108693,0.0384526192944001
108740,0.0367169227785296
108778,0.0338597621814888
109079,0.0178435111623021
109084,0.0209685046938133
109186,0.029883732600328
109826,0.0258715738920284
109919,0.0143133809316947
109923,0.0251911200148257
110039,0.0249508171264856
110387,0.0286481500105496
110529,0.0348993267121159
110533,0.0232357286854916
110566,0.0199985738523369
110685,0.00585986939586169
110728,0.0272005467779218
110732,0.0169752559572999
110760,0.0244510424698453
110802,0.0189183448585165
111000,0.0292169998948309
111022,0.0251911200148257
111064,0.0313329744638919
111103,0.020030124045565
111491,0.0251911200148257
111534,0.0182930309114971
111535,0.0251911200148257
111662,0.0259988641122215
111864,0.018296768377836
111965,0.0302448339003359
112030,0.0301431831570712
112034,0.0205337659234677
112111,0.016016840187671
112168,0.0166114904666537
112624,0.0377539969658635
112754,0.0341292257291701
112759,0.0198534050835283
112774,0.0270697634773477
112819,0.0261156745454876
112876,0.0264296859403059
112968,0.0322077388573062
113140,0.0258259122148255
113178,0.0251911200148257
113269,0.0366476067050507
113362,0.0201918577361392
113371,0.036778751898981
113419,0.0228231231685784
113530,0.0289860607508791
114209,0.0251911200148257
114370,0.0251911200148257
114484,0.0203044673696642
114524,0.02526254998602
114612,0.0251911200148257
114698,0.0251081562269513
115318,0.0251911200148257
115336,0.0251911200148257
115404,0.0214781580809632
115567,0.0251911200148257
115687,0.0251911200148257
115757,0.0251911200148257
116029,0.01425546105336
116166,0.0251911200148257
116504,0.0306657499734022
116610,0.0251911200148257
116772,0.0330615699574827
116787,0.0237908944043838
116895,0.0251911200148257
117002,0.0251911200148257
117036,0.0342703228059968
117114,0.0251911200148257
117115,0.0251911200148257
117145,0.0262856891329023
117768,0.0251911200148257
117861,0.0338324655231657
117902,0.0215784926588446
117981,0.0251911200148257
118081,0.021091657819744
118121,0.0219939093557951
118223,0.0310553241461056
118261,0.0251911200148257
118267,0.0251911200148257
118502,0.0269731188362185
118577,0.0173044285201782
118795,0.0178424998389122
119133,0.0251911200148257
119173,0.0333236736118947
119275,0.0166194817748704
119314,0.0111646265790177
119316,0.0222556987785746
119474,0.0251911200148257
119493,0.0312619551953708
119574,0.0262275089531794
120048,0.0168678168996636
120093,0.0153444861719182
120134,0.0362485204226104
120297,0.00812203581689733
120301,0.0245713018899466
120358,0.0305493280548807
120359,0.0232193616597359
120444,0.0134979132779897
120774,0.0283025432863601
120824,0.0251911200148257
120877,0.021002764581675
121077,0.0226716410984874
121080,0.0305857224281442
121142,0.0146655668238254
121196,0.0251911200148257
121257,0.0350583775830311
121375,0.0251911200148257
121382,0.0176995010084497
121440,0.015930292775212
121478,0.0251911200148257
121595,0.0251911200148257
121662,0.0251911200148257
121673,0.0298359469139911
121717,0.0351573806574139
121718,0.0217608719044331
121759,0.0300510444229035
121817,0.0178026063308913
121819,0.0251911200148257
121844,0.0251911200148257
121934,0.0178066530098345
122061,0.0280691188230334
122078,0.0334957250146698
122172,0.0274594362151013
122211,0.0251911200148257
122257,0.0225784782677268
122266,0.0188669335362297
122380,0.0201346897608394
122394,0.0345357764845622
122519,0.0294715611335718
122536,0.0283757322421928
122674,0.0319659004456048
122841,0.0251911200148257
122902,0.0251911200148257
122915,0.0176087591011637
122916,0.0305358499997516
122917,0.0345272453997273
123016,0.0327658066660427
123434,0.0251911200148257
124036,0.0251911200148257
124196,0.0208906729814595
124198,0.0301528476951931
124254,0.0258024270505287
124355,0.0251911200148257
124358,0.0252742801349407
124394,0.0251911200148257
124599,0.0320209110443053
124775,0.0147376446898175
125000,0.0275800783733012
125014,0.0264452312556839
125094,0.0251911200148257
125194,0.0251911200148257
125237,0.0288839666532828
125240,0.0243305128490908
125274,0.0361709986589956
125360,0.0181828308767392
125595,0.0224792475674706
125600,0.0251911200148257
125601,0.0221880281532303
125604,0.034872081810281
125794,0.0251911200148257
125975,0.0321234979757016
126020,0.0410237338649087
126056,0.0240111141687646
126136,0.0099671900726502
126296,0.0261332145744175
126318,0.0348404743497656
126417,0.0251911200148257
126423,0.026266940202849
126434,0.0346773036550478
126496,0.0342939941084912
126554,0.024509639038137
126555,0.0244594480003285
126714,0.0251911200148257
126718,0.0319204952919269
126721,0.0146969667212779
126775,0.0251911200148257
127094,0.0301818271378099
127179,0.0391584887331692
127282,0.0260991229650649
127383,0.0251911200148257
127475,0.0454110012873092
127675,0.0251911200148257
128098,0.0307882553443403
128663,0.0316725148021772
128978,0.0193188617230118
129441,0.0251911200148257
129469,0.0330586871376896
129823,0.0228452279046171
130041,0.0325474843284522
130200,0.0153101034796428
130762,0.0250315045589401
132482,0.0403693876760485
132644,0.0251911200148257
132981,0.0251911200148257
133166,0.0212495513205893
133169,0.0251911200148257
133246,0.0395763136310496
133288,0.0217219666057625
133328,0.0274330401580616
133346,0.019336222596023
133366,0.0196310733167465
133367,0.0112984334722584
133432,0.0387535751964771
133504,0.0263509497802051
133547,0.0353428132479531
133726,0.0141195167943412
133766,0.0318724751751244
133767,0.0251911200148257
133825,0.0366411010079955
133844,0.0251911200148257
133868,0.0271125984445399
133869,0.0312501800468089
133871,0.0304658868218655
133885,0.036811582628372
133944,0.0259986139230141
133945,0.0250863960649239
133949,0.0317350726511592
134026,0.0277990773771179
134384,0.0250176898617346
134464,0.0251911200148257
134932,0.0249539382511323
135044,0.034044955483591
135484,0.0274177748058691
135844,0.0245651777159814
135965,0.0320495511325263
135990,0.0121743734377624
136186,0.0252245259106984
136648,0.0251911200148257
136725,0.00508925866009986
136804,0.0311369285451409
136884,0.0254033360901904
137024,0.022799966973786
137131,0.0184513309167388
137136,0.0251911200148257
137373,0.0251911200148257
137432,0.017732243605482
137434,0.0416306549438681
137573,0.0269629882379594
137602,0.0255734258137206
137704,0.0251911200148257
137722,0.0251911200148257
137874,0.0265952812822278
137884,0.0251911200148257
137943,0.0276425053757445
138122,0.0206748450684869
138205,0.0226101363128941
138341,0.042174292954932
138342,0.0251911200148257
138467,0.0300038927664467
138483,0.0253111721161541
138601,0.0363235791393711
138608,0.0242062578570916
138613,0.0294530388553607
138707,0.0257753815450808
138743,0.00737065103848315
138921,0.0251911200148257
139225,0.0238690820923494
139662,0.0251911200148257
139665,0.0276713290495797
139746,0.0251911200148257
139804,0.0200858326501976
140030,0.0209759321780212
140042,0.0329322082474385
140044,0.0387435958705608
140073,0.0161954089831251
140194,0.0234486218786441
140529,0.0265902336703217
140541,0.0202111660657543
140568,0.0251911200148257
140759,0.0338696702420181
140760,0.014694205644857
140902,0.0151572568275829
140905,0.020119051284527
140979,0.0287239661763714
140982,0.0301138478901946
141001,0.0251911200148257
141178,0.0278601205574406
141236,0.0226007177185761
141278,0.0390817552283492
141339,0.0465979615036628
141359,0.0251911200148257
141363,0.00713711252851834
141384,0.0272813035407662
141389,0.028241611518898
141460,0.0291879969939992
141469,0.0340639348165325
141496,0.030925291215818
141720,0.0110037345580413
141913,0.0251911200148257
141934,0.0251911200148257
142230,0.0150111601958282
142260,0.00985165866147981
142337,0.0211341396905394
142339,0.0235123760534587
142381,0.0251911200148257
142391,0.0260448253142429
142460,0.0133278916395583
142499,0.0251911200148257
142546,0.0249279151740418
142698,0.0251911200148257
142811,0.019485584041787
142812,0.0291856623064237
142814,0.0233986190699774
142953,0.0751318468170231
142956,0.0262944283059656
143526,0.0266020476693362
143788,0.0251911200148257
143912,0.0270264974864956
143974,0.0448418162956371
144058,0.0251911200148257
144066,0.0205410399183554
144097,0.0124610515801475
144396,0.0277687401466578
144435,0.00451590073860682
144436,0.0235269378830974
144437,0.0423218739000917
144476,0.0251911200148257
144519,0.0251911200148257
144520,0.0309684279918786
144559,0.0109276358670954
144640,0.020189599343669
144646,0.0251911200148257
144809,0.0212956734678886
144998,0.0306871473920105
145041,0.0234525474202954
145042,0.0251911200148257
145049,0.0251911200148257
145080,0.031207123094585
145206,0.0251911200148257
145273,0.0251911200148257
145308,0.0414260411665281
145350,0.0251911200148257
145351,0.0251911200148257
145472,0.0251911200148257
145475,0.0251911200148257
145973,0.0251911200148257
145977,0.0177357520515128
145979,0.0235783830853563
146017,0.0176677911828186
146020,0.0251911200148257
146117,0.0251911200148257
146137,0.0210689951231377
146156,0.0225685386117314
146206,0.0251911200148257
146212,0.0251911200148257
146500,0.023068455877414
146546,0.0251911200148257
146648,0.0309156043370199
146659,0.0285714700763726
146670,0.0251911200148257
146840,0.0251911200148257
147101,0.0256863505456364
147175,0.0234948608717449
147204,0.0246754512323332
147208,0.0111316691314051
147242,0.0251911200148257
147249,0.0251911200148257
147305,0.021265886246032
147307,0.0242576874743653
147340,0.0334972185794742
147349,0.00764618164141556
147413,0.0251911200148257
147505,0.0251911200148257
147565,0.0251911200148257
147638,0.0278740221188114
147639,0.01687937075291
147657,0.022561241142614
147708,0.021923632176922
147750,0.0236560491507846
147849,0.0251334829691765
147868,0.0318005100774071
147988,0.0200174608669761
148169,0.035006186291344
148170,0.0276996327166211
148217,0.0251911200148257
148219,0.030740005688596
148223,0.0229911808772799
148256,0.0251911200148257
148313,0.0318956150516692
148328,0.0251911200148257
148349,0.0206319778843107
148350,0.0185175047167255
148356,0.0251911200148257
148390,0.0281911367586166
148410,0.0329831981272786
148470,0.0136208588335945
148531,0.0267369095106372
148770,0.0149193028533179
148771,0.0251911200148257
148950,0.0140952243982543
148998,0.0251911200148257
149177,0.0325550928552319
149268,0.010322442809669
149318,0.0146522352046887
149360,0.0251911200148257
149477,0.0251911200148257
149721,0.0314464076200125
149820,0.0251911200148257
149998,0.0251911200148257
150139,0.0251911200148257
150159,0.0251911200148257
150200,0.0251911200148257
150201,0.0162774440213289
150258,0.00867600965922161
150278,0.0206709120511447
150562,0.0181305598834411
150699,0.00852184365936115
150761,0.0251911200148257
151161,0.0269359282271421
151423,0.0251911200148257
151630,0.035856755970356
151632,0.0233270584627467
151832,0.0251911200148257
151928,0.0362962071046811
152809,0.0226339643738252
153028,0.020957187956309
153128,0.0289846065790773
153668,0.0285084249891451
153728,0.0354106609862718
154039,0.0229005379687861
154357,0.0135018745607085
154358,0.0251911200148257
154434,0.0304084740877057
154605,0.0251911200148257
154984,0.0251911200148257
155280,0.0217067406429713
155393,0.00543707663533171
155394,0.0204916585044853
155616,0.0251911200148257
155913,0.0251911200148257
155969,0.0251911200148257
155970,0.0251911200148257
156153,0.0221750980829773
156155,0.0130304877667628
156613,0.0331860998239081
156614,0.0251911200148257
156617,0.0343983756747503
156633,0.0235551541119853
156655,0.0251911200148257
156656,0.0251911200148257
156818,0.0251911200148257
156861,0.0256471750259307
156933,0.0196472273104698
157080,0.0251911200148257
157153,0.018610319883176
157218,0.0173913005135647
157354,0.0177250845543666
157415,0.0185197414654951
157755,0.0357158961864284
157855,0.0251911200148257
157862,0.0279510486922695
157921,0.0251911200148257
157954,0.0438752137201249
158563,0.0348853598003762
158743,0.0242645852292133
158791,0.0329661219082439
160183,0.0112699961481089
160211,0.0506493042541843
160213,0.0251911200148257
160214,0.0251911200148257
160216,0.0182166742568332
160255,0.0161697789080337
160272,0.0270231972241699
160282,0.0254358648602701
160329,0.000106538105230573
160341,0.0222148095054801
160362,0.0251911200148257
160373,0.0207270019956611
160375,0.0324643989794437
160376,0.0204583683352182
160448,0.0372171756437168
160474,0.0252180202859591
160488,0.033899890388081
160505,0.025422380821177
160570,0.0284083922092755
160571,0.0251911200148257
160592,0.0247556671248149
160598,0.0229088779923801
160600,0.021881199895381
160635,0.0251911200148257
160661,0.0203513744940026
160668,0.0320861349727846
160684,0.0129670062034541
160742,0.0278769440922814
160785,0.0159825423879977
160797,0.0380077133248293
160798,0.0343746556448561
160809,0.0376812859541628
160838,0.0208725904156546
160865,0.0251911200148257
160874,0.0251911200148257
160888,0.0231130053047608
160893,0.0251911200148257
160913,0.0126384676994067
161055,0.0234770921036813
161056,0.0188074300687408
161071,0.0497710334702474
161119,0.0251911200148257
161120,0.0144302752548685
161814,0.0357281249040983
161843,0.0267609517556814
161844,0.0212737941566902
161869,0.0251911200148257
161897,0.0251911200148257
161903,0.0251911200148257
161997,0.0207000475956776
162076,0.0286602370777478
162127,0.0243365893004358
162129,0.0251911200148257
162146,0.0251911200148257
162233,0.0338217116306046
162254,0.0242017706993333
162264,0.0190662022909024
162329,0.0251911200148257
162335,0.0251911200148257
162338,0.0199651271209102
162404,0.018338055730705
162448,0.0142819730016236
162449,0.0245970653589796
162459,0.0116076073353516
162488,0.0251911200148257
162497,0.0439002360896821
162501,0.0251911200148257
162699,0.0306943838825304
162701,0.0251911200148257
162733,0.0318843208516786
162742,0.0160526534050459
162796,0.0251911200148257
162876,0.0108083519923999
162887,0.0284860217252114
162894,0.0176198140210287
162906,0.0193876296355336
162907,0.0304411149918076
162909,0.0244249548368569
162914,0.0251911200148257
162928,0.0251911200148257
162941,0.0251911200148257
162956,0.0251911200148257
162957,0.0187938736488634
162958,0.0276726291626269
162988,0.0251911200148257
163018,0.0251911200148257
163023,0.0251911200148257
163036,0.028734745300392
163041,0.0251911200148257
163051,0.0251911200148257
163113,0.024112317072361
163118,0.0492281678074551
163124,0.0251911200148257
163586,0.0283229123961773
163594,0.0105580489042935
163595,0.0256025647508733
163596,0.0251911200148257
163627,0.0157358051506945
163629,0.024913279005718
163668,0.0196641936545183
163669,0.0101804603805864
163685,0.0156469709152693
163765,0.0251911200148257
163768,0.0251911200148257
163772,0.0260904954082058
163877,0.022378362926385
163878,0.0207570153762216
163879,0.021547261055797
163887,0.019327509488267
163889,0.0348307212724955
163891,0.0246814347186756
163893,0.0164539598343827
163916,0.035134326651865
163921,0.0118165147951849
163927,0.0201620223832257
163930,0.00832529415010182
163935,0.0183356434637086
163939,0.0234850078138078
163946,0.00395542639771688
163948,0.0187030176710461
163951,0.0251911200148257
163983,0.0118869585195011
163987,0.0250604552599816
164099,0.0251911200148257
164109,0.01444308963527
164116,0.0256759081874653
164247,0.0251911200148257
164255,0.030258385047959
164266,0.0327266137289399
164271,0.0251911200148257
164296,0.0279497750483214
164369,0.0290470075226694
164408,0.0304451064048129
164411,0.0386216161999558
164416,0.024262249283122
164422,0.0308180071808768
164432,0.0223468853974049
164494,0.0191085485334267
164506,0.0305733732513423
164510,0.0358567241796329
164557,0.0251911200148257
164606,0.0245293114045382
164607,0.0208714462899857
164609,0.0314929172789232
164611,0.0278946822233516
164612,0.0313971733658816
164616,0.0251911200148257
164624,0.0348171258437123
164652,0.0181846786822846
164660,0.0245360909013578
164664,0.0249518505058009
164680,0.0199522203618838
164755,0.0285587181805254
164756,0.0102083969813545
165051,0.0181211052254659
165052,0.0229939281371329
165053,0.0273897349332404
165123,0.0251911200148257
165124,0.0251911200148257
165179,0.0276128770311373
165269,0.0251911200148257
165358,0.0176257107663173
165442,0.0251911200148257
165466,0.0168411709152358
165468,0.0286407105256149
165556,0.0251911200148257
165640,0.0302440487476286
165649,0.0268190732122214
165652,0.0225057815818556
165675,0.0253120551984375
165691,0.0251911200148257
165699,0.0112498932322784
165702,0.018242053654806
165710,0.0281676166326803
165742,0.0318767197554455
165745,0.0251911200148257
165746,0.0287232078490582
165753,0.0251911200148257
165785,0.0304679684592292
165845,0.0210851574824825
165846,0.0187995900151682
165876,0.0251911200148257
165880,0.0226110265039337
165909,0.0251911200148257
165914,0.0108734590845293
165943,0.033648531091769
165993,0.0274435635490276
166061,0.01862714096557
166213,0.0305721927234427
166230,0.0173819159841317
166303,0.0251911200148257
166363,0.0220355504229151
166368,0.0285464305166337
166381,0.0251911200148257
166402,0.0326411207822232
166414,0.0283199448147085
166430,0.0251911200148257
166435,0.0391416619162752
166436,0.0170428449454371
166458,0.0231185248328718
166460,0.0229927484221128
166482,0.0286105861589618
166485,0.0215972319044853
166491,0.0251911200148257
166555,0.0292209911784298
166562,0.0333228385542677
166563,0.0214307723136868
166564,0.0215902189393331
166583,0.0310504826620402
166591,0.0324163962318696
166593,0.023457197401076
166733,0.0358461957073413
166740,0.0251911200148257
166756,0.0251911200148257
170307,0.0251911200148257
174049,0.0279416739553081
174077,0.0251911200148257
174108,0.0251911200148257
174118,0.0258594360355846
174119,0.0254899006042366
174136,0.0376371520975631
174169,0.0218691630295478
174236,0.0238542466595761
174282,0.0247783140278196
174310,0.0198166092405817
174317,0.0326559554209051
174390,0.0277906712005201
174393,0.0325111314020548
174428,0.0271723450323547
174483,0.0251911200148257
174490,0.0244549759596247
174507,0.0279414501897644
174541,0.0326344920356759
174567,0.017693346205899
174637,0.0217974210560423
174648,0.0284818899990818
174656,0.0116329287991952
174703,0.0251911200148257
174739,0.0251911200148257
174876,0.0225932409338235
174995,0.0251911200148257
175004,0.0234083407654372
175007,0.0161812218731807
175008,0.0338289958192686
175055,0.0314276877421579
175087,0.0231266625097393
175111,0.0273596708876108
175157,0.0189180152371627
175235,0.0251911200148257
175269,0.0319790887960194
175271,0.0297384072308139
175308,0.0308449646703382
175319,0.0247359955525165
175372,0.0251911200148257
175376,0.0251321409879261
175404,0.00674360060848633
175424,0.0251911200148257
175490,0.0329632633530794
175503,0.0254050003912504
175509,0.0302379553898798
175510,0.0194957872130367
175523,0.0219156478283938
175533,0.030309714961285
175545,0.0251911200148257
175654,0.0285440472043811
175686,0.0252433079505823
175689,0.0152725712401987
175739,0.0495611876520329
175741,0.0129276298025853
175886,0.0251911200148257
175900,0.030121174319592
175913,0.0362735510197741
175955,0.0222763338945339
175978,0.0309231939161598
175983,0.0306590774635211
175994,0.0251911200148257
176017,0.0277178129952705
176022,0.018316237762321
176035,0.0324253903296893
176070,0.0231481835501393
176082,0.0251911200148257
176083,0.0251911200148257
176096,0.0251911200148257
176118,0.0338832085683488
176229,0.0340388371495373
176235,0.0337297586454965
176237,0.03052337394919
176238,0.0235687320000701
176247,0.0231009594327867
176249,0.0216080127024286
176251,0.0429865817721148
176255,0.030664623465349
176275,0.0307816716939471
176282,0.0150364662923666
176289,0.0293651000508274
176291,0.0196436485066629
176325,0.0293168503976957
176343,0.022592775566199
176362,0.0251911200148257
176378,0.0269845391581011
176404,0.014181957093956
176523,0.0416256456135523
176554,0.0251911200148257
176556,0.0260018012313338
176558,0.0251911200148257
176567,0.0220282239246682
176572,0.0324837420092488
176593,0.0287093455031209
176594,0.0311146520871295
176639,0.0205031291999146
176659,0.018064042215874
176670,0.0299364615174759
176760,0.00223854071361571
176764,0.0253295390644207
176768,0.0356743421454427
176781,0.035587127288311
176782,0.0443736635882467
176873,0.0251911200148257
176874,0.0262065988029876
176899,0.0169161796619213
176914,0.0148231351766615
176939,0.0346839595889705
176963,0.0336246063939247
176968,0.0251911200148257
177099,0.0408075410048049
177108,0.0201803594118006
177109,0.0178026119493065
177111,0.0327103861231435
177124,0.0152247063912145
177127,0.0299336687157859
177206,0.0185103191526059
177224,0.0269480326037472
177225,0.0320654790524611
177226,0.0251911200148257
177227,0.030122296305336
177228,0.0292815925537435
177256,0.0243072066677721
177257,0.0270806836796076
177303,0.0237172692506607
177315,0.0291457294005166
177367,0.0251911200148257
177381,0.0251911200148257
177397,0.0251911200148257
177446,0.0258169617090006
177487,0.0215981615581951
177528,0.0251911200148257
177538,0.0251911200148257
177545,0.0251911200148257
177697,0.0209472631748516
177739,0.0116861783612332
177744,0.0295121601554942
177780,0.027212035418883
177871,0.0251911200148257
177872,0.0323722734003609
177881,0.0276035035182551
177882,0.0251911200148257
177884,0.0103219362808106
177895,0.0251911200148257
177924,0.0215384381832951
177930,0.026904115432232
177943,0.0400767147336422
177945,0.0251911200148257
177953,0.0288287554016053
177975,0.0279395077110561
177982,0.0288724927785937
178073,0.0251911200148257
178083,0.0274299534618651
178089,0.026756900423373
178097,0.0314353696952117
178266,0.0251911200148257
178310,0.025712879354062
178413,0.0251911200148257
178493,0.0274906381221769
178494,0.0349444057397656
178538,0.0231743506909621
178608,0.0199767784030675
178619,0.0302103518342877
178644,0.0251911200148257
178672,0.0212730852252433
178676,0.0261171654582774
178704,0.0251911200148257
178752,0.0327707313791819
178767,0.0224885462628666
178797,0.0232737541121569
178798,0.017953763527801
178803,0.0181945075977403
178806,0.0228123954517865
178846,0.0281136028587215
178851,0.0245249934147658
178863,0.0128872267826293
178865,0.0203090656975601
178868,0.0324983906490385
178870,0.0251911200148257
178882,0.0251911200148257
178939,0.0253079396326216
178943,0.0294825109128758
178973,0.0251911200148257
178976,0.025820040388981
178995,0.0233531257518471
179027,0.0258820122718585
179058,0.0251911200148257
179082,0.0250940834442207
179084,0.0324661927286953
179110,0.0300192392923832
179111,0.0251911200148257
179132,0.0205105602554932
179177,0.0251911200148257
179202,0.00937782670721599
179249,0.0270161722923361
179288,0.0205888963897967
179299,0.0244298936133917
179342,0.0297405495251737
179380,0.0286203941948942
179413,0.0291264557161279
179417,0.0255699124268457
179437,0.00964142956387257
179519,0.0251911200148257
179577,0.0241679499045545
179596,0.0251911200148257
179597,0.0233057655308736
179598,0.0308638548002091
179621,0.00842419122929901
179657,0.0237291906465125
179666,0.0283417326637594
179690,0.0327161293619649
179694,0.0251911200148257
179700,0.0193528224733206
179738,0.0272190532410992
179739,0.0213410674834596
179782,0.0198747398778847
179817,0.0274760715072401
179818,0.02583795921497
179819,0.0199602087815122
179831,0.0124254206670584
179843,0.0192231799242601
179925,0.0264857209306021
179949,0.0251911200148257
179957,0.0300782258257559
180029,0.0190788483307217
180083,0.0242790196780941
180118,0.0276027628336561
180145,0.0251911200148257
180150,0.0345621031483233
180167,0.0212242939409959
180229,0.0251911200148257
180272,0.0274949163721144
180345,0.0251911200148257
180395,0.030340160666096
180402,0.0227803122397434
180405,0.04312553952559
180466,0.0252322602647296
180468,0.0251911200148257
180597,0.023246617445863
180635,0.0202164258077937
180646,0.0208516289669928
180683,0.0251911200148257
180698,0.0292641293573484
180759,0.0251911200148257
180821,0.0081806016238351
180822,0.0331504837559409
180833,0.0267129903544856
180905,0.0232246029697574
180937,0.0251911200148257
180942,0.0251911200148257
181104,0.0269442620892343
181269,0.0172392749979731
181290,0.0260790928619887
181617,0.040964219435837
181904,0.0422340577835557
181931,0.00726879044105786
182012,0.0251911200148257
182123,0.0251911200148257
182308,0.0333880171721098
182383,0.0307706247006435
182387,0.028503867524529
183022,0.0251911200148257
183104,0.0251911200148257
183139,0.0251911200148257
183144,0.0251911200148257
183257,0.0180196642869449
183283,0.0302487874287341
183345,0.0251911200148257
183366,0.0111622203670834
183377,0.032182723201539
183421,0.0251911200148257
183480,0.0194170250098994
183547,0.0251911200148257
183559,0.0251911200148257
183570,0.0251911200148257
183593,0.0291870141707692
183602,0.0251911200148257
183640,0.0205182814922141
183684,0.0354325313441721
183704,0.0251911200148257
183736,0.0281863966185927
183790,0.0251911200148257
183799,0.0416784773833167
183831,0.0251911200148257
183920,0.0167863639183269
184044,0.0251911200148257
184101,0.028058217742579
184109,0.0301490478092989
184113,0.0251911200148257
184133,0.0251911200148257
184149,0.0251911200148257
184157,0.0169999112826446
184241,0.0285071575725386
184256,0.0274828063382808
184259,0.0249132971237245
184263,0.0373105674135732
184339,0.0251911200148257
184487,0.0359861220536841
184592,0.0251911200148257
184619,0.0251911200148257
184652,0.0258250800768328
184699,0.0251911200148257
184742,0.0251911200148257
184762,0.0251911200148257
184991,0.0251911200148257
185125,0.0251911200148257
185193,0.0251911200148257
185361,0.0251911200148257
185372,0.0222977381751187
185391,0.0251911200148257
185517,0.0251911200148257
185695,0.0251911200148257
185807,0.0251911200148257
185838,0.0251911200148257
186153,0.0251911200148257
186236,0.0251911200148257
186493,0.0251911200148257
187200,0.0251911200148257
187692,0.0251911200148257
190355,0.0251911200148257
238157,0.0318041993538048
253527,0.0505061646308854
254096,0.0327488321073267
254399,0.0260988687270654
260329,0.0251911200148257
260583,0.0251911200148257
260737,0.0251911200148257
260893,0.0315856141118799
261215,0.0251911200148257
264265,0.0254922220728147
264385,0.0215795875474684
264387,0.0251911200148257
264388,0.0209334693034657
264391,0.0294020229637692
264393,0.0251911200148257
264397,0.027010047711635
264414,0.0286932475320805
264416,0.0260748090780826
264708,0.0185411803039517
264713,0.0350537180460481
265188,0.0251911200148257
266163,0.0251911200148257
266319,0.0251911200148257
271794,0.0197067760648412
272699,0.026648919163363
274165,0.0225094165354192
277918,0.0318450285795347
282189,0.0185670260650192
282553,0.0285184888628269
284041,0.0251911200148257
287462,0.0251911200148257
