"gvkey","Restate_Int"
1004,0
1045,0
1050,0
1072,0
1075,0
1078,0
1094,0
1104,0
1117,0
1121,0
1161,0
1173,0
1209,0
1210,0
1224,0
1225,0
1230,0
1234,0
1254,0
1266,0
1327,0
1356,0
1380,0
1382,0
1388,0
1397,0
1408,0
1410,0
1429,0
1439,0
1440,0
1468,0
1496,0
1533,0
1554,0
1559,0
1562,0
1585,0
1598,0
1602,0
1613,0
1632,0
1633,0
1634,0
1635,0
1650,0
1659,0
1678,0
1682,0
1686,0
1689,0
1690,0
1704,0
1706,0
1712,0
1722,0
1728,0
1743,0
1745,0
1773,0
1783,0
1794,0
1820,0
1823,0
1837,0
1860,0
1864,0
1891,0
1913,0
1919,0
1920,0
1926,0
1951,0
1968,0
1974,0
1976,0
1979,0
1988,0
1995,0
2044,0
2049,0
2061,0
2073,0
2080,0
2086,0
2100,0
2101,0
2111,0
2124,0
2136,0
2150,0
2154,0
2184,0
2220,0
2222,0
2230,0
2240,0
2259,0
2269,0
2271,0
2282,0
2285,0
2290,0
2295,0
2312,0
2316,0
2342,0
2352,0
2390,0
2403,0
2435,0
2436,0
2444,0
2448,0
2490,0
2497,0
2504,0
2536,0
2538,0
2555,0
2556,0
2573,0
2574,0
2577,0
2578,0
2581,0
2593,0
2595,0
2596,0
2615,0
2628,0
2663,0
2710,0
2751,0
2771,0
2787,0
2802,0
2807,0
2811,0
2812,0
2817,0
2818,0
2820,0
2829,0
2859,0
2870,0
2884,0
2888,0
2911,0
2938,0
2940,0
2942,0
2953,0
2960,0
2986,0
2991,0
2999,0
3007,0
3026,0
3028,0
3031,0
3036,0
3039,0
3062,0
3093,0
3105,0
3107,0
3121,0
3129,0
3138,0
3144,0
3153,0
3157,0
3158,0
3170,0
3184,0
3198,0
3203,0
3218,0
3226,0
3246,0
3270,0
3275,0
3278,0
3310,0
3336,0
3342,0
3358,0
3362,0
3369,0
3392,0
3394,0
3399,0
3416,0
3424,0
3439,0
3465,0
3469,0
3502,0
3504,0
3505,0
3532,0
3556,0
3570,0
3580,0
3594,0
3607,0
3612,0
3619,0
3622,0
3639,0
3647,0
3650,0
3662,0
3708,0
3734,0
3735,0
3761,0
3785,0
3801,0
3806,0
3807,0
3813,0
3814,0
3851,0
3855,0
3863,0
3897,0
3905,0
3908,0
3937,0
3946,0
3962,0
3964,0
3969,0
3980,0
4001,0
4016,0
4029,0
4036,0
4040,0
4052,0
4058,0
4060,0
4066,0
4087,0
4090,0
4091,0
4093,0
4094,0
4108,0
4124,0
4127,0
4128,0
4130,0
4145,0
4156,0
4186,0
4213,0
4225,0
4241,0
4274,0
4275,0
4321,0
4322,0
4331,0
4340,0
4383,0
4390,0
4415,0
4418,0
4423,0
4430,0
4448,0
4450,0
4460,0
4462,0
4467,0
4476,0
4494,0
4497,0
4498,0
4503,0
4510,0
4517,0
4560,0
4579,0
4598,0
4600,0
4608,0
4611,0
4622,0
4632,0
4645,0
4759,0
4771,0
4799,0
4807,0
4809,0
4818,0
4826,0
4843,0
4844,0
4860,0
4881,0
4900,0
4903,0
4911,0
4926,0
4936,0
4988,0
4990,0
5018,0
5045,0
5050,0
5071,0
5087,0
5116,0
5125,0
5165,0
5179,0
5210,0
5218,0
5229,0
5234,0
5237,0
5250,0
5252,0
5254,0
5256,0
5284,0
5288,0
5327,0
5338,0
5379,0
5439,0
5442,0
5479,0
5492,0
5496,0
5518,0
5520,0
5523,0
5525,0
5530,0
5539,0
5559,0
5560,0
5568,0
5572,0
5581,0
5597,0
5606,0
5608,0
5621,0
5639,0
5667,0
5671,0
5680,0
5690,0
5697,0
5709,0
5723,0
5742,0
5764,0
5783,0
5788,0
5791,0
5792,0
5811,0
5831,0
5860,0
5862,0
5870,0
5878,0
5888,0
5899,0
5902,0
5914,0
5918,0
5932,0
5978,0
5987,0
6003,0
6008,0
6013,0
6021,0
6025,0
6034,0
6066,0
6078,0
6081,0
6097,0
6104,0
6109,0
6110,0
6115,0
6116,0
6125,0
6130,0
6136,0
6178,0
6185,0
6194,0
6196,0
6216,0
6223,0
6266,0
6268,0
6304,0
6307,0
6311,0
6315,0
6326,0
6331,0
6334,0
6335,0
6338,0
6349,0
6357,0
6375,0
6379,0
6386,0
6410,0
6416,0
6424,0
6433,0
6435,0
6461,0
6497,0
6502,0
6527,0
6528,0
6529,0
6532,0
6543,0
6547,0
6565,0
6573,0
6574,0
6617,0
6639,0
6649,0
6682,0
6694,0
6730,0
6733,0
6737,0
6768,0
6774,0
6821,0
6831,0
6836,0
6839,0
6845,0
6848,0
6900,0
6932,0
6936,0
6994,0
6995,0
7017,0
7022,0
7085,0
7092,0
7107,0
7124,0
7146,0
7152,0
7154,0
7163,0
7171,0
7183,0
7185,0
7186,0
7192,0
7205,0
7232,0
7241,0
7251,0
7257,0
7260,0
7275,0
7281,0
7291,0
7295,0
7300,0
7302,0
7309,0
7316,0
7331,0
7343,0
7344,0
7346,0
7350,0
7368,0
7389,0
7401,0
7420,0
7422,0
7435,0
7437,0
7481,0
7486,0
7506,0
7512,0
7526,0
7549,0
7566,0
7575,0
7576,0
7585,0
7589,0
7590,0
7620,0
7636,0
7648,0
7658,0
7662,0
7682,0
7685,0
7691,0
7694,0
7696,0
7733,0
7741,0
7750,0
7759,0
7762,0
7781,0
7799,0
7824,0
7841,0
7849,0
7863,0
7866,0
7875,0
7881,0
7882,0
7883,0
7906,0
7911,0
7912,0
7920,0
7921,0
7922,0
7923,0
7938,0
7951,0
7965,0
7974,0
7977,0
7978,0
7985,0
7991,0
7993,0
7994,0
7995,0
8001,0
8030,0
8054,0
8068,0
8073,0
8079,0
8087,0
8092,0
8101,0
8102,0
8105,0
8113,0
8123,0
8133,0
8176,0
8199,0
8210,0
8213,0
8214,0
8215,0
8219,0
8229,0
8247,0
8264,0
8266,0
8272,0
8290,0
8304,0
8326,0
8333,0
8334,0
8336,0
8348,0
8350,0
8357,0
8358,0
8386,0
8387,0
8402,0
8423,0
8440,0
8446,0
8455,0
8475,0
8479,0
8486,0
8512,0
8515,0
8530,0
8539,0
8542,0
8543,0
8549,0
8551,0
8577,0
8579,0
8582,0
8599,0
8606,0
8613,0
8633,0
8692,0
8694,0
8699,0
8717,0
8762,0
8809,0
8810,0
8815,0
8818,0
8826,0
8832,0
8838,0
8850,0
8858,0
8864,0
8867,0
8873,0
8892,0
8901,0
8902,0
8947,0
8958,0
8972,0
9016,0
9023,0
9063,0
9125,0
9154,0
9155,0
9171,0
9173,0
9203,0
9216,0
9225,0
9248,0
9258,0
9284,0
9289,0
9299,0
9324,0
9325,0
9359,0
9411,0
9445,0
9466,0
9472,0
9481,0
9490,0
9521,0
9538,0
9551,0
9555,0
9590,0
9599,0
9611,0
9613,0
9619,0
9664,0
9667,0
9693,0
9698,0
9699,0
9715,0
9761,0
9771,0
9774,0
9777,0
9778,0
9799,0
9815,0
9831,0
9835,0
9846,0
9849,0
9860,0
9867,0
9882,0
9899,0
9902,0
9904,0
9906,0
9916,0
9919,0
9921,0
9922,0
9954,0
9969,0
9999,0
10000,0
10005,0
10008,0
10016,0
10030,0
10056,0
10115,0
10124,0
10156,0
10190,0
10195,0
10198,0
10200,0
10213,0
10215,0
10221,0
10236,0
10247,0
10277,0
10286,0
10297,0
10305,0
10332,0
10349,0
10353,0
10364,0
10374,0
10380,0
10386,0
10390,0
10405,0
10407,0
10411,0
10420,0
10441,0
10443,0
10447,0
10453,0
10466,0
10498,0
10499,0
10507,0
10508,0
10509,0
10530,0
10540,0
10549,0
10550,0
10565,0
10567,0
10581,0
10598,0
10609,0
10618,0
10619,0
10631,0
10639,0
10658,0
10678,0
10685,0
10692,0
10734,0
10740,0
10757,0
10777,0
10789,0
10791,0
10793,0
10795,0
10801,0
10813,0
10816,0
10839,0
10840,0
10857,0
10860,0
10867,0
10877,0
10884,0
10902,0
10905,0
10920,0
10930,0
10938,0
10981,0
10982,0
10983,0
10984,0
10991,0
10994,0
10999,0
11012,0
11017,0
11027,0
11032,0
11051,0
11060,0
11065,0
11094,0
11096,0
11115,0
11124,0
11161,0
11169,0
11178,0
11185,0
11191,0
11228,0
11234,0
11259,0
11264,0
11286,0
11291,0
11296,0
11300,0
11302,0
11304,0
11313,0
11315,0
11343,0
11361,0
11372,0
11376,0
11399,0
11440,0
11446,0
11455,0
11462,0
11465,0
11499,0
11506,0
11509,0
11511,0
11535,0
11537,0
11538,0
11550,0
11555,0
11566,0
11580,0
11584,0
11600,0
11636,0
11644,0
11649,0
11657,0
11669,0
11672,0
11694,0
11721,0
11748,0
11796,0
11805,0
11811,0
11872,0
11903,0
11923,0
11929,0
11930,0
11976,0
12053,0
12065,0
12075,0
12088,0
12091,0
12096,0
12141,0
12142,0
12144,0
12171,0
12181,0
12189,0
12206,0
12210,0
12215,0
12216,0
12234,0
12236,0
12250,0
12252,0
12262,0
12266,0
12304,0
12312,0
12338,0
12377,0
12379,0
12389,0
12392,0
12403,0
12421,0
12428,0
12433,0
12441,0
12445,0
12458,0
12471,0
12478,0
12482,0
12485,0
12540,0
12545,0
12559,0
12568,0
12575,0
12576,0
12578,0
12581,0
12589,0
12593,0
12597,0
12598,0
12621,0
12625,0
12635,0
12658,0
12669,0
12684,0
12691,0
12711,0
12713,0
12719,0
12722,0
12731,0
12734,0
12744,0
12788,0
12789,0
12791,0
12796,0
12801,0
12804,0
12815,0
12818,0
12825,0
12828,0
12840,0
12850,0
12868,0
12874,0
12879,0
12884,0
12886,0
12895,0
12915,0
12926,0
12942,0
12945,0
12950,0
12964,0
12972,0
12992,0
12994,0
13003,0
13011,0
13013,0
13032,0
13071,0
13092,0
13128,0
13174,0
13176,0
13184,0
13200,0
13235,0
13239,0
13245,0
13251,0
13288,0
13316,0
13323,0
13353,0
13354,0
13375,0
13381,0
13406,0
13421,0
13424,0
13427,0
13428,0
13431,0
13440,0
13480,0
13484,0
13498,0
13505,0
13526,0
13531,0
13550,0
13570,0
13582,0
13599,0
13619,0
13623,0
13630,0
13634,0
13646,0
13657,0
13700,0
13704,0
13710,0
13714,0
13733,0
13765,0
13782,0
13789,0
13794,0
13800,0
13824,0
13831,0
13839,0
13906,0
13913,0
13940,0
13962,0
13963,0
13990,0
14027,0
14084,0
14108,0
14112,0
14113,0
14150,0
14163,0
14169,0
14170,0
14182,0
14225,0
14252,0
14256,0
14282,0
14304,0
14309,0
14311,0
14324,0
14359,0
14369,0
14370,0
14412,0
14417,0
14418,0
14451,0
14477,0
14489,0
14503,0
14535,0
14561,0
14580,0
14581,0
14590,0
14597,0
14603,0
14616,0
14623,0
14624,0
14650,0
14653,0
14793,0
14794,0
14891,0
14895,0
14898,0
14912,0
14913,0
14934,0
14954,0
14957,0
14960,0
14983,0
14985,0
15027,0
15060,0
15077,0
15087,0
15092,0
15171,0
15178,0
15247,0
15252,0
15267,0
15274,0
15283,0
15292,0
15293,0
15331,0
15337,0
15343,0
15347,0
15414,0
15448,0
15459,0
15521,0
15708,0
15709,0
15855,0
16188,0
16401,0
16453,0
16456,0
16476,0
16477,0
16478,0
16480,0
16531,0
16597,0
16650,0
16710,0
16721,0
17101,0
17196,0
17199,0
17239,0
17341,0
17890,0
18364,0
18560,0
18576,0
18654,0
18699,0
19129,0
19209,0
19305,0
19398,0
19402,0
19431,0
19433,0
19622,0
19911,0
19951,0
19965,0
20036,0
20180,0
20185,0
20217,0
20245,0
20338,0
20423,0
20548,0
20570,0
20653,0
20747,0
20779,0
20904,0
21116,0
21118,0
21132,0
21136,0
21186,0
21232,0
21237,0
21238,0
21429,0
21440,0
21487,0
21496,0
21542,0
21563,0
21663,0
21677,0
21743,0
21776,0
21777,0
21792,0
21828,0
22008,0
22053,0
22144,0
22199,0
22205,0
22207,0
22260,0
22325,0
22373,0
22447,0
22461,0
22542,0
22543,0
22612,0
22632,0
22633,0
22650,0
22729,0
22761,0
22772,0
22797,0
22815,0
22817,0
22829,0
22949,0
22962,0
23002,0
23027,0
23062,0
23084,0
23195,0
23220,0
23224,0
23226,0
23252,0
23291,0
23485,0
23535,0
23570,0
23577,0
23587,0
23591,0
23616,0
23623,0
23697,0
23714,0
23753,0
23767,0
23790,0
23809,0
23810,0
23812,0
23852,0
23898,0
23943,0
23978,0
24005,0
24021,0
24032,0
24040,0
24099,0
24113,0
24157,0
24171,0
24197,0
24204,0
24216,0
24234,0
24291,0
24293,0
24304,0
24316,0
24344,0
24350,0
24352,0
24378,0
24396,0
24405,0
24428,0
24430,0
24436,0
24463,0
24468,0
24475,0
24483,0
24538,0
24539,0
24610,0
24617,0
24658,0
24660,0
24670,0
24708,0
24720,0
24755,0
24781,0
24783,0
24795,0
24797,0
24800,0
24803,0
24810,0
24837,0
24842,0
24843,0
24844,0
24853,0
24856,0
24878,0
24888,0
24890,0
24893,0
24898,0
24912,0
24922,0
24925,0
24965,0
24966,0
24978,0
24996,0
25013,0
25021,0
25027,0
25047,0
25056,0
25062,0
25069,0
25079,0
25088,0
25095,0
25108,0
25110,0
25119,0
25124,0
25130,0
25157,0
25166,0
25170,0
25180,0
25181,0
25186,0
25198,0
25224,0
25234,0
25241,0
25274,0
25279,0
25302,0
25312,0
25318,0
25320,0
25331,0
25357,0
25361,0
25389,0
25396,0
25399,0
25405,0
25406,0
25430,0
25434,0
25495,0
25509,0
25536,0
25540,0
25572,0
25579,0
25603,0
25623,0
25627,0
25676,0
25680,0
25683,0
25711,0
25726,0
25731,0
25737,0
25745,0
25747,0
25749,0
25774,0
25789,0
25805,0
25845,0
25848,0
25849,0
25870,0
25874,0
25880,0
25882,0
25896,0
25906,0
25918,0
25921,0
25922,0
25923,0
25924,0
25937,0
25946,0
25964,0
25978,0
25979,0
25980,0
26011,0
26012,0
26013,0
26021,0
26039,0
26045,0
26061,0
26069,0
26246,0
26520,0
26900,0
27199,0
27760,0
27776,0
27784,0
27790,0
27794,0
27823,0
27828,0
27856,0
27906,0
27913,0
27928,0
27936,0
27938,0
27939,0
27960,0
27965,0
27980,0
27981,0
28004,0
28018,0
28118,0
28139,0
28176,0
28180,0
28191,0
28194,0
28195,0
28206,0
28209,0
28285,0
28295,0
28296,0
28303,0
28347,0
28388,0
28397,0
28408,0
28410,0
28460,0
28462,0
28477,0
28518,0
28543,0
28564,0
28590,0
28641,0
28648,0
28675,0
28704,0
28712,0
28717,0
28742,0
28749,0
28762,0
28775,0
28791,0
28806,0
28819,0
28853,0
28877,0
28916,0
28919,0
28924,0
28930,0
28938,0
28940,0
28989,0
28998,0
29001,0
29011,0
29015,0
29028,0
29032,0
29040,0
29086,0
29089,0
29108,0
29127,0
29129,0
29133,0
29143,0
29150,0
29151,0
29156,0
29165,0
29170,0
29173,0
29217,0
29241,0
29264,0
29268,0
29274,0
29304,0
29319,0
29353,0
29382,0
29386,0
29392,0
29433,0
29435,0
29449,0
29453,0
29511,0
29517,0
29555,0
29577,0
29608,0
29609,0
29612,0
29616,0
29621,0
29627,0
29634,0
29698,0
29705,0
29722,0
29733,0
29751,0
29762,0
29791,0
29816,0
29829,0
29830,0
29837,0
29870,0
29887,0
29894,0
29900,0
29910,0
29921,0
29930,0
29942,0
29964,0
29968,0
30006,0
30016,0
30029,0
30032,0
30059,0
30098,0
30137,0
30138,0
30161,0
30169,0
30175,0
30205,0
30219,0
30220,0
30234,0
30255,0
30259,0
30260,0
30276,0
30310,0
30398,0
30443,0
30477,0
30540,0
30558,0
30576,0
30612,0
30614,0
30618,0
30641,0
30649,0
30651,0
30662,0
30666,0
30671,0
30701,0
30710,0
30714,0
30797,0
30847,0
30870,0
30877,0
30899,0
30928,0
30964,0
31037,0
31055,0
31099,0
31122,0
31147,0
31170,0
31189,0
31203,0
31214,0
31224,0
31227,0
31232,0
31337,0
31389,0
31392,0
31418,0
31419,0
31453,0
31477,0
31488,0
31524,0
31560,0
31564,0
31567,0
31607,0
31616,0
31629,0
31634,0
31673,0
31674,0
31738,0
31743,0
31748,0
31751,0
31752,0
31843,0
31846,0
31881,0
31887,0
60800,0
60801,0
60846,0
60888,0
60892,0
60894,0
60900,0
60902,0
60931,0
60942,0
60972,0
60979,0
60992,0
61028,0
61068,0
61069,0
61077,0
61122,0
61153,0
61155,0
61179,0
61181,0
61192,0
61236,0
61273,0
61285,0
61321,0
61325,0
61338,0
61350,0
61356,0
61381,0
61399,0
61409,0
61418,0
61420,0
61439,0
61448,0
61483,0
61490,0
61494,0
61496,0
61513,0
61519,0
61552,0
61557,0
61562,0
61567,0
61574,0
61576,0
61581,0
61584,0
61587,0
61591,0
61596,0
61600,0
61635,0
61646,0
61655,0
61656,0
61662,0
61673,0
61676,0
61685,0
61709,0
61712,0
61726,0
61732,0
61735,0
61745,0
61763,0
61766,0
61811,0
61839,0
61880,0
61900,0
61903,0
61925,0
61971,0
61984,0
61996,0
62016,0
62057,0
62088,0
62107,0
62110,0
62168,0
62169,0
62178,0
62204,0
62213,0
62217,0
62221,0
62236,0
62262,0
62263,0
62266,0
62268,0
62290,0
62292,0
62302,0
62317,0
62330,0
62374,0
62378,0
62382,0
62391,0
62396,0
62446,0
62494,0
62501,0
62516,0
62549,0
62553,0
62602,0
62626,0
62640,0
62655,0
62666,0
62686,0
62698,0
62730,0
62732,0
62745,0
62819,0
62823,0
62826,0
62829,0
62897,0
62921,0
62948,0
62954,0
62977,0
62990,0
63000,0
63029,0
63030,0
63057,0
63079,0
63080,0
63081,0
63083,0
63099,0
63122,0
63123,0
63138,0
63172,0
63281,0
63290,0
63312,0
63337,0
63338,0
63388,0
63405,0
63417,0
63418,0
63422,0
63424,0
63447,0
63448,0
63454,0
63490,0
63495,0
63516,0
63520,0
63527,0
63531,0
63600,0
63605,0
63640,0
63643,0
63650,0
63651,0
63667,0
63700,0
63708,0
63724,0
63739,0
63752,0
63763,0
63798,0
63847,0
63863,0
63866,0
63876,0
63892,0
63901,0
63907,0
63919,0
63927,0
63930,0
63938,0
63952,0
64004,0
64021,0
64028,0
64030,0
64041,0
64055,0
64061,0
64063,0
64088,0
64102,0
64103,0
64130,0
64132,0
64135,0
64156,0
64162,0
64163,0
64165,0
64166,0
64175,0
64180,0
64223,0
64254,0
64275,0
64302,0
64304,0
64327,0
64334,0
64341,0
64344,0
64346,0
64356,0
64389,0
64408,0
64410,0
64480,0
64511,0
64550,0
64568,0
64595,0
64620,0
64626,0
64641,0
64645,0
64668,0
64745,0
64768,0
64848,0
64851,0
64853,0
64891,0
64901,0
64915,0
64929,0
64942,0
64997,0
65006,0
65009,0
65011,0
65016,0
65021,0
65026,0
65036,0
65084,0
65089,0
65092,0
65095,0
65218,0
65220,0
65226,0
65244,0
65247,0
65270,0
65280,0
65286,0
65308,0
65342,0
65343,0
65374,0
65376,0
65399,0
65406,0
65413,0
65417,0
65421,0
65430,0
65459,0
65491,0
65552,0
65554,0
65587,0
65590,0
65607,0
65630,0
65643,0
65671,0
65675,0
65676,0
65692,0
65702,0
65706,0
65718,0
65732,0
65739,0
65765,0
65771,0
65772,0
65812,0
65831,0
65850,0
65872,0
65896,0
65899,0
65904,0
65905,0
65921,0
65930,0
65937,0
65944,0
65967,0
66016,0
66023,0
66029,0
66032,0
66059,0
66065,0
66073,0
66100,0
66149,0
66228,0
66246,0
66268,0
66290,0
66321,0
66360,0
66366,0
66368,0
66371,0
66379,0
66393,0
66438,0
66446,0
66448,0
66457,0
66496,0
66544,0
66586,0
66588,0
66591,0
66602,0
66610,0
66630,0
66683,0
66686,0
66697,0
66708,0
105346,0
105364,0
105936,0
105999,0
106100,0
106254,0
106261,0
106272,0
106418,0
106687,0
106989,0
107446,0
108348,0
108645,0
108693,0
108740,0
108778,0
109079,0
109084,0
109186,0
109826,0
109919,0
109923,0
110039,0
110387,0
110529,0
110533,0
110566,0
110685,0
110728,0
110732,0
110760,0
110802,0
111000,0
111022,0
111064,0
111103,0
111491,0
111534,0
111535,0
111662,0
111864,0
111965,0
112030,0
112034,0
112111,0
112168,0
112624,0
112754,0
112759,0
112774,0
112819,0
112876,0
112968,0
113140,0
113178,0
113269,0
113362,0
113371,0
113419,0
113530,0
114209,0
114370,0
114484,0
114524,0
114612,0
114698,0
115318,0
115336,0
115404,0
115567,0
115687,0
115757,0
116029,0
116166,0
116504,0
116610,0
116772,0
116787,0
116895,0
117002,0
117036,0
117114,0
117115,0
117145,0
117768,0
117861,0
117902,0
117981,0
118081,0
118121,0
118223,0
118261,0
118267,0
118502,0
118577,0
118795,0
119133,0
119173,0
119275,0
119314,0
119316,0
119474,0
119493,0
119574,0
120048,0
120093,0
120134,0
120297,0
120301,0
120358,0
120359,0
120444,0
120774,0
120824,0
120877,0
121077,0
121080,0
121142,0
121196,0
121257,0
121375,0
121382,0
121440,0
121478,0
121595,0
121662,0
121673,0
121717,0
121718,0
121759,0
121817,0
121819,0
121844,0
121934,0
122061,0
122078,0
122172,0
122211,0
122257,0
122266,0
122380,0
122394,0
122519,0
122536,0
122674,0
122841,0
122902,0
122915,0
122916,0
122917,0
123016,0
123434,0
124036,0
124196,0
124198,0
124254,0
124355,0
124358,0
124394,0
124599,0
124775,0
125000,0
125014,0
125094,0
125194,0
125237,0
125240,0
125274,0
125360,0
125595,0
125600,0
125601,0
125604,0
125794,0
125975,0
126020,0
126056,0
126136,0
126296,0
126318,0
126417,0
126423,0
126434,0
126496,0
126554,0
126555,0
126714,0
126718,0
126721,0
126775,0
127094,0
127179,0
127282,0
127383,0
127475,0
127675,0
128098,0
128663,0
128978,0
129441,0
129469,0
129823,0
130041,0
130200,0
130762,0
132482,0
132644,0
132981,0
133166,0
133169,0
133246,0
133288,0
133328,0
133346,0
133366,0
133367,0
133432,0
133504,0
133547,0
133726,0
133766,0
133767,0
133825,0
133844,0
133868,0
133869,0
133871,0
133885,0
133944,0
133945,0
133949,0
134026,0
134384,0
134464,0
134932,0
135044,0
135484,0
135844,0
135965,0
135990,0
136186,0
136648,0
136725,0
136804,0
136884,0
137024,0
137131,0
137136,0
137373,0
137432,0
137434,0
137573,0
137602,0
137704,0
137722,0
137874,0
137884,0
137943,0
138122,0
138205,0
138341,0
138342,0
138467,0
138483,0
138601,0
138608,0
138613,0
138707,0
138743,0
138921,0
139225,0
139662,0
139665,0
139746,0
139804,0
140030,0
140042,0
140044,0
140073,0
140194,0
140529,0
140541,0
140568,0
140759,0
140760,0
140902,0
140905,0
140979,0
140982,0
141001,0
141178,0
141236,0
141278,0
141339,0
141359,0
141363,0
141384,0
141389,0
141460,0
141469,0
141496,0
141720,0
141913,0
141934,0
142230,0
142260,0
142337,0
142339,0
142381,0
142391,0
142460,0
142499,0
142546,0
142698,0
142811,0
142812,0
142814,0
142953,0
142956,0
143526,0
143788,0
143912,0
143974,0
144058,0
144066,0
144097,0
144396,0
144435,0
144436,0
144437,0
144476,0
144519,0
144520,0
144559,0
144640,0
144646,0
144809,0
144998,0
145041,0
145042,0
145049,0
145080,0
145206,0
145273,0
145308,0
145350,0
145351,0
145472,0
145475,0
145973,0
145977,0
145979,0
146017,0
146020,0
146117,0
146137,0
146156,0
146206,0
146212,0
146500,0
146546,0
146648,0
146659,0
146670,0
146840,0
147101,0
147175,0
147204,0
147208,0
147242,0
147249,0
147305,0
147307,0
147340,0
147349,0
147413,0
147505,0
147565,0
147638,0
147639,0
147657,0
147708,0
147750,0
147849,0
147868,0
147988,0
148169,0
148170,0
148217,0
148219,0
148223,0
148256,0
148313,0
148328,0
148349,0
148350,0
148356,0
148390,0
148410,0
148470,0
148531,0
148770,0
148771,0
148950,0
148998,0
149177,0
149268,0
149318,0
149360,0
149477,0
149721,0
149820,0
149998,0
150139,0
150159,0
150200,0
150201,0
150258,0
150278,0
150562,0
150699,0
150761,0
151161,0
151423,0
151630,0
151632,0
151832,0
151928,0
152809,0
153028,0
153128,0
153668,0
153728,0
154039,0
154357,0
154358,0
154434,0
154605,0
154984,0
155280,0
155393,0
155394,0
155616,0
155913,0
155969,0
155970,0
156153,0
156155,0
156613,0
156614,0
156617,0
156633,0
156655,0
156656,0
156818,0
156861,0
156933,0
157080,0
157153,0
157218,0
157354,0
157415,0
157755,0
157855,0
157862,0
157921,0
157954,0
158563,0
158743,0
158791,0
160183,0
160211,0
160213,0
160214,0
160216,0
160255,0
160272,0
160282,0
160329,0
160341,0
160362,0
160373,0
160375,0
160376,0
160448,0
160474,0
160488,0
160505,0
160570,0
160571,0
160592,0
160598,0
160600,0
160635,0
160661,0
160668,0
160684,0
160742,0
160785,0
160797,0
160798,0
160809,0
160838,0
160865,0
160874,0
160888,0
160893,0
160913,0
161055,0
161056,0
161071,0
161119,0
161120,0
161814,0
161843,0
161844,0
161869,0
161897,0
161903,0
161997,0
162076,0
162127,0
162129,0
162146,0
162233,0
162254,0
162264,0
162329,0
162335,0
162338,0
162404,0
162448,0
162449,0
162459,0
162488,0
162497,0
162501,0
162699,0
162701,0
162733,0
162742,0
162796,0
162876,0
162887,0
162894,0
162906,0
162907,0
162909,0
162914,0
162928,0
162941,0
162956,0
162957,0
162958,0
162988,0
163018,0
163023,0
163036,0
163041,0
163051,0
163113,0
163118,0
163124,0
163586,0
163594,0
163595,0
163596,0
163627,0
163629,0
163668,0
163669,0
163685,0
163765,0
163768,0
163772,0
163877,0
163878,0
163879,0
163887,0
163889,0
163891,0
163893,0
163916,0
163921,0
163927,0
163930,0
163935,0
163939,0
163946,0
163948,0
163951,0
163983,0
163987,0
164099,0
164109,0
164116,0
164247,0
164255,0
164266,0
164271,0
164296,0
164369,0
164408,0
164411,0
164416,0
164422,0
164432,0
164494,0
164506,0
164510,0
164557,0
164606,0
164607,0
164609,0
164611,0
164612,0
164616,0
164624,0
164652,0
164660,0
164664,0
164680,0
164755,0
164756,0
165051,0
165052,0
165053,0
165123,0
165124,0
165179,0
165269,0
165358,0
165442,0
165466,0
165468,0
165556,0
165640,0
165649,0
165652,0
165675,0
165691,0
165699,0
165702,0
165710,0
165742,0
165745,0
165746,0
165753,0
165785,0
165845,0
165846,0
165876,0
165880,0
165909,0
165914,0
165943,0
165993,0
166061,0
166213,0
166230,0
166303,0
166363,0
166368,0
166381,0
166402,0
166414,0
166430,0
166435,0
166436,0
166458,0
166460,0
166482,0
166485,0
166491,0
166555,0
166562,0
166563,0
166564,0
166583,0
166591,0
166593,0
166733,0
166740,0
166756,0
170307,0
174049,0
174077,0
174108,0
174118,0
174119,0
174136,0
174169,0
174236,0
174282,0
174310,0
174317,0
174390,0
174393,0
174428,0
174483,0
174490,0
174507,0
174541,0
174567,0
174637,0
174648,0
174656,0
174703,0
174739,0
174876,0
174995,0
175004,0
175007,0
175008,0
175055,0
175087,0
175111,0
175157,0
175235,0
175269,0
175271,0
175308,0
175319,0
175372,0
175376,0
175404,0
175424,0
175490,0
175503,0
175509,0
175510,0
175523,0
175533,0
175545,0
175654,0
175686,0
175689,0
175739,0
175741,0
175886,0
175900,0
175913,0
175955,0
175978,0
175983,0
175994,0
176017,0
176022,0
176035,0
176070,0
176082,0
176083,0
176096,0
176118,0
176229,0
176235,0
176237,0
176238,0
176247,0
176249,0
176251,0
176255,0
176275,0
176282,0
176289,0
176291,0
176325,0
176343,0
176362,0
176378,0
176404,0
176523,0
176554,0
176556,0
176558,0
176567,0
176572,0
176593,0
176594,0
176639,0
176659,0
176670,0
176760,0
176764,0
176768,0
176781,0
176782,0
176873,0
176874,0
176899,0
176914,0
176939,0
176963,0
176968,0
177099,0
177108,0
177109,0
177111,0
177124,0
177127,0
177206,0
177224,0
177225,0
177226,0
177227,0
177228,0
177256,0
177257,0
177303,0
177315,0
177367,0
177381,0
177397,0
177446,0
177487,0
177528,0
177538,0
177545,0
177697,0
177739,0
177744,0
177780,0
177871,0
177872,0
177881,0
177882,0
177884,0
177895,0
177924,0
177930,0
177943,0
177945,0
177953,0
177975,0
177982,0
178073,0
178083,0
178089,0
178097,0
178266,0
178310,0
178413,0
178493,0
178494,0
178538,0
178608,0
178619,0
178644,0
178672,0
178676,0
178704,0
178752,0
178767,0
178797,0
178798,0
178803,0
178806,0
178846,0
178851,0
178863,0
178865,0
178868,0
178870,0
178882,0
178939,0
178943,0
178973,0
178976,0
178995,0
179027,0
179058,0
179082,0
179084,0
179110,0
179111,0
179132,0
179177,0
179202,0
179249,0
179288,0
179299,0
179342,0
179380,0
179413,0
179417,0
179437,0
179519,0
179577,0
179596,0
179597,0
179598,0
179621,0
179657,0
179666,0
179690,0
179694,0
179700,0
179738,0
179739,0
179782,0
179817,0
179818,0
179819,0
179831,0
179843,0
179925,0
179949,0
179957,0
180029,0
180083,0
180118,0
180145,0
180150,0
180167,0
180229,0
180272,0
180345,0
180395,0
180402,0
180405,0
180466,0
180468,0
180597,0
180635,0
180646,0
180683,0
180698,0
180759,0
180821,0
180822,0
180833,0
180905,0
180937,0
180942,0
181104,0
181269,0
181290,0
181617,0
181904,0
181931,0
182012,0
182123,0
182308,0
182383,0
182387,0
183022,0
183104,0
183139,0
183144,0
183257,0
183283,0
183345,0
183366,0
183377,0
183421,0
183480,0
183547,0
183559,0
183570,0
183593,0
183602,0
183640,0
183684,0
183704,0
183736,0
183790,0
183799,0
183831,0
183920,0
184044,0
184101,0
184109,0
184113,0
184133,0
184149,0
184157,0
184241,0
184256,0
184259,0
184263,0
184339,0
184487,0
184592,0
184619,0
184652,0
184699,0
184742,0
184762,0
184991,0
185125,0
185193,0
185361,0
185372,0
185391,0
185517,0
185695,0
185807,0
185838,0
186153,0
186236,0
186493,0
187200,0
187692,0
190355,0
238157,0
253527,0
254096,0
254399,0
260329,0
260583,0
260737,0
260893,0
261215,0
264265,0
264385,0
264387,0
264388,0
264391,0
264393,0
264397,0
264414,0
264416,0
264708,0
264713,0
265188,0
266163,0
266319,0
271794,0
272699,0
274165,0
277918,0
282189,0
282553,0
284041,0
287462,0
